date,monitor_id,latitude,longitude,benzene_ug_m3
2024-01-23,BMT-01,30.07664,-94.07121,4.1
2024-01-23,BMT-02,30.07667,-94.06785,11.0
2024-01-23,BMT-03,30.07583,-94.06433,3.9
2024-01-23,BMT-04,30.07467,-94.06087,6.2
2024-01-23,BMT-05,30.07319,-94.05821,11.0
2024-01-23,BMT-06,30.07097,-94.05761,2.2
2024-01-23,BMT-07,30.06816,-94.058,1.6
2024-01-23,BMT-08,30.06701,-94.05709,1.2
2024-01-23,BMT-09,30.06896,-94.05434,0.8
2024-01-23,BMT-10,30.06711,-94.05172,0.7
2024-01-23,BMT-11,30.06474,-94.0527,0.8
2024-01-23,BMT-12,30.06382,-94.075473,0.8
2024-01-23,BMT-13,30.06308,-94.05812,1.3
2024-01-23,BMT-14,30.0609,-94.06012,1.5
2024-01-23,BMT-15,30.05644,-94.06226,1.0
2024-01-23,BMT-16,30.0564,-94.06921,1.2
2024-01-23,BMT-17,30.05087,-94.06865,1.3
2024-01-23,BMT-18,30.0468,-94.07106,1.7
2024-01-23,BMT-19,30.04831,-94.07391,2.6
2024-01-23,BMT-20,30.05013,-94.07581,1.6
2024-01-23,BMT-21,30.05423,-94.0797,1.2
2024-01-23,BMT-22,30.05793,-94.07944,0.6
2024-01-23,BMT-23,30.0594,-94.0786,0.5
2024-01-23,BMT-24,30.06203,-94.0795,0.9
2024-01-23,BMT-25,30.06612,-94.07808,1.1
2024-01-23,BMT-26,30.06983,-94.07565,1.2
2024-01-23,BMT-27,30.07475,-94.07576,1.5
2024-02-06,BMT-01,30.07664,-94.07121,3.3
2024-02-06,BMT-02,30.07667,-94.06785,2.1
2024-02-06,BMT-03,30.07583,-94.06433,3.7
2024-02-06,BMT-04,30.07467,-94.06087,16.0
2024-02-06,BMT-05,30.07319,-94.05821,8.8
2024-02-06,BMT-06,30.07097,-94.05761,3.2
2024-02-06,BMT-07,30.06816,-94.058,1.9
2024-02-06,BMT-08,30.06701,-94.05709,1.5
2024-02-06,BMT-09,30.06896,-94.05434,1.2
2024-02-06,BMT-10,30.06711,-94.05172,1.0
2024-02-06,BMT-11,30.06474,-94.0527,1.3
2024-02-06,BMT-12,30.06382,-94.075473,1.5
2024-02-06,BMT-13,30.06308,-94.05812,2.4
2024-02-06,BMT-14,30.0609,-94.06012,2.4
2024-02-06,BMT-15,30.05644,-94.06226,1.4
2024-02-06,BMT-16,30.0564,-94.06921,1.3
2024-02-06,BMT-17,30.05087,-94.06865,1.7
2024-02-06,BMT-18,30.0468,-94.07106,2.1
2024-02-06,BMT-19,30.04831,-94.07391,1.7
2024-02-06,BMT-20,30.05013,-94.07581,1.8
2024-02-06,BMT-21,30.05423,-94.0797,1.4
2024-02-06,BMT-22,30.05793,-94.07944,1.2
2024-02-06,BMT-23,30.0594,-94.0786,1.2
2024-02-06,BMT-24,30.06203,-94.0795,1.2
2024-02-06,BMT-25,30.06612,-94.07808,1.3
2024-02-06,BMT-26,30.06983,-94.07565,1.8
2024-02-06,BMT-27,30.07475,-94.07576,2.3
2024-02-18,BMT-01,30.07664,-94.07121,5.0
2024-02-18,BMT-01,30.07664,-94.07121,5.0
2024-02-18,BMT-02,30.07667,-94.06785,2.3
2024-02-18,BMT-02,30.07667,-94.06785,2.3
2024-02-18,BMT-03,30.07583,-94.06433,3.7
2024-02-18,BMT-03,30.07583,-94.06433,3.7
2024-02-18,BMT-04,30.07467,-94.06087,4.6
2024-02-18,BMT-04,30.07467,-94.06087,4.6
2024-02-18,BMT-05,30.07319,-94.05821,1.6
2024-02-18,BMT-05,30.07319,-94.05821,1.6
2024-02-18,BMT-06,30.07097,-94.05761,1.0
2024-02-18,BMT-06,30.07097,-94.05761,1.0
2024-02-18,BMT-07,30.06816,-94.058,1.0
2024-02-18,BMT-07,30.06816,-94.058,1.0
2024-02-18,BMT-08,30.06701,-94.05709,0.6
2024-02-18,BMT-08,30.06701,-94.05709,0.6
2024-02-18,BMT-09,30.06896,-94.05434,0.6
2024-02-18,BMT-09,30.06896,-94.05434,0.6
2024-02-18,BMT-10,30.06711,-94.05172,0.5
2024-02-18,BMT-10,30.06711,-94.05172,0.5
2024-02-18,BMT-11,30.06474,-94.0527,0.5
2024-02-18,BMT-11,30.06474,-94.0527,0.5
2024-02-18,BMT-12,30.06382,-94.075473,0.5
2024-02-18,BMT-12,30.06382,-94.075473,0.5
2024-02-18,BMT-13,30.06308,-94.05812,0.9
2024-02-18,BMT-13,30.06308,-94.05812,0.9
2024-02-18,BMT-14,30.0609,-94.06012,0.9
2024-02-18,BMT-14,30.0609,-94.06012,0.9
2024-02-18,BMT-15,30.05644,-94.06226,0.7
2024-02-18,BMT-15,30.05644,-94.06226,0.7
2024-02-18,BMT-16,30.0564,-94.06921,1.0
2024-02-18,BMT-16,30.0564,-94.06921,1.0
2024-02-18,BMT-17,30.05087,-94.06865,0.8
2024-02-18,BMT-17,30.05087,-94.06865,0.8
2024-02-18,BMT-18,30.0468,-94.07106,1.0
2024-02-18,BMT-18,30.0468,-94.07106,1.0
2024-02-18,BMT-19,30.04831,-94.07391,1.7
2024-02-18,BMT-19,30.04831,-94.07391,1.7
2024-02-18,BMT-20,30.05013,-94.07581,1.4
2024-02-18,BMT-20,30.05013,-94.07581,1.4
2024-02-18,BMT-21,30.05423,-94.0797,0.9
2024-02-18,BMT-21,30.05423,-94.0797,0.9
2024-02-18,BMT-22,30.05793,-94.07944,0.7
2024-02-18,BMT-22,30.05793,-94.07944,0.7
2024-02-18,BMT-23,30.0594,-94.0786,0.9
2024-02-18,BMT-23,30.0594,-94.0786,0.9
2024-02-18,BMT-24,30.06203,-94.0795,0.7
2024-02-18,BMT-24,30.06203,-94.0795,0.7
2024-02-18,BMT-25,30.06612,-94.07808,1.0
2024-02-18,BMT-25,30.06612,-94.07808,1.0
2024-02-18,BMT-26,30.06983,-94.07565,1.7
2024-02-18,BMT-26,30.06983,-94.07565,1.7
2024-02-18,BMT-27,30.07475,-94.07576,1.2
2024-02-18,BMT-27,30.07475,-94.07576,1.2
2024-02-20,BMT-01,30.07664,-94.07121,3.2
2024-02-20,BMT-02,30.07667,-94.06785,2.4
2024-02-20,BMT-03,30.07583,-94.06433,3.1
2024-02-20,BMT-04,30.07467,-94.06087,13.0
2024-02-20,BMT-05,30.07319,-94.05821,2.4
2024-02-20,BMT-06,30.07097,-94.05761,1.6
2024-02-20,BMT-07,30.06816,-94.058,1.0
2024-02-20,BMT-08,30.06701,-94.05709,0.8
2024-02-20,BMT-09,30.06896,-94.05434,0.7
2024-02-20,BMT-10,30.06711,-94.05172,0.7
2024-02-20,BMT-11,30.06474,-94.0527,0.8
2024-02-20,BMT-12,30.06382,-94.075473,0.8
2024-02-20,BMT-13,30.06308,-94.05812,1.3
2024-02-20,BMT-14,30.0609,-94.06012,1.3
2024-02-20,BMT-15,30.05644,-94.06226,1.0
2024-02-20,BMT-16,30.0564,-94.06921,1.0
2024-02-20,BMT-17,30.05087,-94.06865,1.1
2024-02-20,BMT-18,30.0468,-94.07106,1.3
2024-02-20,BMT-19,30.04831,-94.07391,1.2
2024-02-20,BMT-20,30.05013,-94.07581,1.1
2024-02-20,BMT-21,30.05423,-94.0797,0.9
2024-02-20,BMT-22,30.05793,-94.07944,0.8
2024-02-20,BMT-23,30.0594,-94.0786,0.9
2024-02-20,BMT-24,30.06203,-94.0795,0.8
2024-02-20,BMT-25,30.06612,-94.07808,0.9
2024-02-20,BMT-26,30.06983,-94.07565,1.0
2024-02-20,BMT-27,30.07475,-94.07576,1.2
2024-03-05,BMT-01,30.07664,-94.07121,2.9
2024-03-05,BMT-02,30.07667,-94.06785,2.6
2024-03-05,BMT-03,30.07583,-94.06433,4.2
2024-03-05,BMT-04,30.07467,-94.06087,4.7
2024-03-05,BMT-05,30.07319,-94.05821,3.4
2024-03-05,BMT-06,30.07097,-94.05761,1.4
2024-03-05,BMT-07,30.06816,-94.058,1.1
2024-03-05,BMT-08,30.06701,-94.05709,0.8
2024-03-05,BMT-09,30.06896,-94.05434,0.7
2024-03-05,BMT-10,30.06711,-94.05172,0.6
2024-03-05,BMT-11,30.06474,-94.0527,0.7
2024-03-05,BMT-12,30.06382,-94.075473,0.7
2024-03-05,BMT-13,30.06308,-94.05812,1.1
2024-03-05,BMT-14,30.0609,-94.06012,1.3
2024-03-05,BMT-15,30.05644,-94.06226,1.5
2024-03-05,BMT-16,30.0564,-94.06921,1.4
2024-03-05,BMT-17,30.05087,-94.06865,1.1
2024-03-05,BMT-18,30.0468,-94.07106,1.0
2024-03-05,BMT-19,30.04831,-94.07391,1.1
2024-03-05,BMT-20,30.05013,-94.07581,1.0
2024-03-05,BMT-21,30.05423,-94.0797,0.8
2024-03-05,BMT-22,30.05793,-94.07944,0.8
2024-03-05,BMT-23,30.0594,-94.0786,0.9
2024-03-05,BMT-24,30.06203,-94.0795,0.7
2024-03-05,BMT-25,30.06612,-94.07808,0.9
2024-03-05,BMT-26,30.06983,-94.07565,1.1
2024-03-05,BMT-27,30.07475,-94.07576,1.2
2024-03-19,BMT-01,30.07664,-94.07121,2.7
2024-03-19,BMT-02,30.07667,-94.06785,2.4
2024-03-19,BMT-03,30.07583,-94.06433,28.0
2024-03-19,BMT-04,30.07467,-94.06087,6.7
2024-03-19,BMT-05,30.07319,-94.05821,1.2
2024-03-19,BMT-06,30.07097,-94.05761,0.9
2024-03-19,BMT-07,30.06816,-94.058,0.8
2024-03-19,BMT-08,30.06701,-94.05709,0.6
2024-03-19,BMT-09,30.06896,-94.05434,0.5
2024-03-19,BMT-10,30.06711,-94.05172,0.4
2024-03-19,BMT-11,30.06474,-94.0527,0.5
2024-03-19,BMT-12,30.06382,-94.075473,0.5
2024-03-19,BMT-13,30.06308,-94.05812,0.8
2024-03-19,BMT-14,30.0609,-94.06012,0.9
2024-03-19,BMT-15,30.05644,-94.06226,0.7
2024-03-19,BMT-16,30.0564,-94.06921,1.0
2024-03-19,BMT-17,30.05087,-94.06865,0.8
2024-03-19,BMT-18,30.0468,-94.07106,0.9
2024-03-19,BMT-19,30.04831,-94.07391,1.3
2024-03-19,BMT-20,30.05013,-94.07581,1.3
2024-03-19,BMT-21,30.05423,-94.0797,0.8
2024-03-19,BMT-22,30.05793,-94.07944,1.0
2024-03-19,BMT-23,30.0594,-94.0786,0.9
2024-03-19,BMT-24,30.06203,-94.0795,0.8
2024-03-19,BMT-25,30.06612,-94.07808,1.0
2024-03-19,BMT-26,30.06983,-94.07565,1.5
2024-03-19,BMT-27,30.07475,-94.07576,1.4
2024-04-02,BMT-01,30.07664,-94.07121,2.8
2024-04-02,BMT-02,30.07667,-94.06785,2.6
2024-04-02,BMT-03,30.07583,-94.06433,2.7
2024-04-02,BMT-04,30.07467,-94.06087,3.0
2024-04-02,BMT-05,30.07319,-94.05821,1.8
2024-04-02,BMT-06,30.07097,-94.05761,0.7
2024-04-02,BMT-07,30.06816,-94.058,0.8
2024-04-02,BMT-08,30.06701,-94.05709,0.6
2024-04-02,BMT-09,30.06896,-94.05434,0.5
2024-04-02,BMT-10,30.06711,-94.05172,0.5
2024-04-02,BMT-11,30.06474,-94.0527,0.5
2024-04-02,BMT-12,30.06382,-94.075473,0.6
2024-04-02,BMT-13,30.06308,-94.05812,1.0
2024-04-02,BMT-14,30.0609,-94.06012,0.9
2024-04-02,BMT-15,30.05644,-94.06226,0.7
2024-04-02,BMT-16,30.0564,-94.06921,0.8
2024-04-02,BMT-17,30.05087,-94.06865,0.8
2024-04-02,BMT-18,30.0468,-94.07106,0.8
2024-04-02,BMT-19,30.04831,-94.07391,1.0
2024-04-02,BMT-20,30.05013,-94.07581,1.0
2024-04-02,BMT-21,30.05423,-94.0797,0.8
2024-04-02,BMT-22,30.05793,-94.07944,0.7
2024-04-02,BMT-23,30.0594,-94.0786,0.8
2024-04-02,BMT-24,30.06203,-94.0795,0.7
2024-04-02,BMT-25,30.06612,-94.07808,1.0
2024-04-02,BMT-26,30.06983,-94.07565,1.4
2024-04-02,BMT-27,30.07475,-94.07576,1.2
2024-04-16,BMT-01,30.07664,-94.07121,6.5
2024-04-16,BMT-02,30.07667,-94.06785,6.0
2024-04-16,BMT-03,30.07583,-94.06433,6.5
2024-04-16,BMT-04,30.07467,-94.06087,4.8
2024-04-16,BMT-05,30.07319,-94.05821,2.2
2024-04-16,BMT-06,30.07097,-94.05761,1.6
2024-04-16,BMT-07,30.06816,-94.058,2.5
2024-04-16,BMT-08,30.06701,-94.05709,1.5
2024-04-16,BMT-09,30.06896,-94.05434,0.6
2024-04-16,BMT-10,30.06711,-94.05172,0.6
2024-04-16,BMT-11,30.06474,-94.0527,0.8
2024-04-16,BMT-12,30.06382,-94.075473,1.0
2024-04-16,BMT-13,30.06308,-94.05812,1.7
2024-04-16,BMT-14,30.0609,-94.06012,1.3
2024-04-16,BMT-15,30.05644,-94.06226,0.7
2024-04-16,BMT-16,30.0564,-94.06921,0.6
2024-04-16,BMT-17,30.05087,-94.06865,0.8
2024-04-16,BMT-18,30.0468,-94.07106,1.0
2024-04-16,BMT-19,30.04831,-94.07391,0.6
2024-04-16,BMT-20,30.05013,-94.07581,0.9
2024-04-16,BMT-21,30.05423,-94.0797,0.6
2024-04-16,BMT-22,30.05793,-94.07944,0.6
2024-04-16,BMT-23,30.0594,-94.0786,0.6
2024-04-16,BMT-24,30.06203,-94.0795,0.8
2024-04-16,BMT-25,30.06612,-94.07808,0.7
2024-04-16,BMT-26,30.06983,-94.07565,0.7
2024-04-16,BMT-27,30.07475,-94.07576,1.5
2024-04-30,BMT-01,30.07664,-94.07121,4.0
2024-04-30,BMT-02,30.07667,-94.06785,3.5
2024-04-30,BMT-03,30.07583,-94.06433,4.6
2024-04-30,BMT-04,30.07467,-94.06087,5.2
2024-04-30,BMT-05,30.07319,-94.05821,1.4
2024-04-30,BMT-06,30.07097,-94.05761,0.8
2024-04-30,BMT-07,30.06816,-94.058,0.5
2024-04-30,BMT-08,30.06701,-94.05709,0.6
2024-04-30,BMT-09,30.06896,-94.05434,0.5
2024-04-30,BMT-10,30.06711,-94.05172,0.5
2024-04-30,BMT-11,30.06474,-94.0527,0.5
2024-04-30,BMT-12,30.06382,-94.075473,0.6
2024-04-30,BMT-13,30.06308,-94.05812,0.9
2024-04-30,BMT-14,30.0609,-94.06012,0.7
2024-04-30,BMT-15,30.05644,-94.06226,0.6
2024-04-30,BMT-16,30.0564,-94.06921,0.7
2024-04-30,BMT-17,30.05087,-94.06865,0.6
2024-04-30,BMT-18,30.0468,-94.07106,0.7
2024-04-30,BMT-19,30.04831,-94.07391,1.1
2024-04-30,BMT-20,30.05013,-94.07581,1.1
2024-04-30,BMT-21,30.05423,-94.0797,0.9
2024-04-30,BMT-22,30.05793,-94.07944,0.8
2024-04-30,BMT-23,30.0594,-94.0786,1.4
2024-04-30,BMT-24,30.06203,-94.0795,0.9
2024-04-30,BMT-25,30.06612,-94.07808,0.9
2024-04-30,BMT-26,30.06983,-94.07565,1.2
2024-04-30,BMT-27,30.07475,-94.07576,2.3
2024-05-14,BMT-01,30.07664,-94.07121,3.6
2024-05-14,BMT-02,30.07667,-94.06785,3.2
2024-05-14,BMT-03,30.07583,-94.06433,3.2
2024-05-14,BMT-04,30.07467,-94.06087,2.9
2024-05-14,BMT-05,30.07319,-94.05821,1.6
2024-05-14,BMT-06,30.07097,-94.05761,1.7
2024-05-14,BMT-07,30.06816,-94.058,0.7
2024-05-14,BMT-08,30.06701,-94.05709,0.6
2024-05-14,BMT-09,30.06896,-94.05434,0.5
2024-05-14,BMT-10,30.06711,-94.05172,0.5
2024-05-14,BMT-11,30.06474,-94.0527,0.5
2024-05-14,BMT-12,30.06382,-94.075473,0.5
2024-05-14,BMT-13,30.06308,-94.05812,0.7
2024-05-14,BMT-14,30.0609,-94.06012,0.6
2024-05-14,BMT-15,30.05644,-94.06226,0.5
2024-05-14,BMT-16,30.0564,-94.06921,0.7
2024-05-14,BMT-17,30.05087,-94.06865,0.6
2024-05-14,BMT-18,30.0468,-94.07106,0.7
2024-05-14,BMT-19,30.04831,-94.07391,1.2
2024-05-14,BMT-20,30.05013,-94.07581,1.2
2024-05-14,BMT-21,30.05423,-94.0797,0.8
2024-05-14,BMT-22,30.05793,-94.07944,0.8
2024-05-14,BMT-23,30.0594,-94.0786,0.9
2024-05-14,BMT-24,30.06203,-94.0795,0.8
2024-05-14,BMT-25,30.06612,-94.07808,1.0
2024-05-14,BMT-26,30.06983,-94.07565,1.5
2024-05-14,BMT-27,30.07475,-94.07576,2.3
2024-05-28,BMT-01,30.07664,-94.07121,3.9
2024-05-28,BMT-02,30.07667,-94.06785,3.6
2024-05-28,BMT-03,30.07583,-94.06433,4.1
2024-05-28,BMT-04,30.07467,-94.06087,4.5
2024-05-28,BMT-05,30.07319,-94.05821,1.5
2024-05-28,BMT-06,30.07097,-94.05761,1.2
2024-05-28,BMT-07,30.06816,-94.058,0.6
2024-05-28,BMT-08,30.06701,-94.05709,0.6
2024-05-28,BMT-09,30.06896,-94.05434,0.6
2024-05-28,BMT-10,30.06711,-94.05172,0.6
2024-05-28,BMT-11,30.06474,-94.0527,0.6
2024-05-28,BMT-12,30.06382,-94.075473,0.6
2024-05-28,BMT-13,30.06308,-94.05812,0.7
2024-05-28,BMT-14,30.0609,-94.06012,0.8
2024-05-28,BMT-15,30.05644,-94.06226,0.7
2024-05-28,BMT-16,30.0564,-94.06921,0.7
2024-05-28,BMT-17,30.05087,-94.06865,0.7
2024-05-28,BMT-18,30.0468,-94.07106,0.8
2024-05-28,BMT-19,30.04831,-94.07391,1.1
2024-05-28,BMT-20,30.05013,-94.07581,1.1
2024-05-28,BMT-21,30.05423,-94.0797,0.9
2024-05-28,BMT-22,30.05793,-94.07944,1.0
2024-05-28,BMT-23,30.0594,-94.0786,0.9
2024-05-28,BMT-24,30.06203,-94.0795,0.8
2024-05-28,BMT-25,30.06612,-94.07808,1.0
2024-05-28,BMT-26,30.06983,-94.07565,1.2
2024-05-28,BMT-27,30.07475,-94.07576,1.8
2024-06-11,BMT-01,30.07664,-94.07121,2.3
2024-06-11,BMT-02,30.07667,-94.06785,2.4
2024-06-11,BMT-03,30.07583,-94.06433,2.2
2024-06-11,BMT-04,30.07467,-94.06087,3.4
2024-06-11,BMT-05,30.07319,-94.05821,9.7
2024-06-11,BMT-06,30.07097,-94.05761,1.4
2024-06-11,BMT-07,30.06816,-94.058,0.6
2024-06-11,BMT-08,30.06701,-94.05709,0.6
2024-06-11,BMT-09,30.06896,-94.05434,0.5
2024-06-11,BMT-10,30.06711,-94.05172,0.5
2024-06-11,BMT-11,30.06474,-94.0527,0.5
2024-06-11,BMT-12,30.06382,-94.075473,0.5
2024-06-11,BMT-13,30.06308,-94.05812,0.6
2024-06-11,BMT-14,30.0609,-94.06012,0.6
2024-06-11,BMT-15,30.05644,-94.06226,0.5
2024-06-11,BMT-16,30.0564,-94.06921,0.7
2024-06-11,BMT-17,30.05087,-94.06865,0.6
2024-06-11,BMT-18,30.0468,-94.07106,0.7
2024-06-11,BMT-19,30.04831,-94.07391,1.4
2024-06-11,BMT-20,30.05013,-94.07581,1.5
2024-06-11,BMT-21,30.05423,-94.0797,0.8
2024-06-11,BMT-22,30.05793,-94.07944,0.8
2024-06-11,BMT-23,30.0594,-94.0786,0.9
2024-06-11,BMT-24,30.06203,-94.0795,
2024-06-11,BMT-25,30.06612,-94.07808,1.5
2024-06-11,BMT-26,30.06983,-94.07565,1.5
2024-06-11,BMT-27,30.07475,-94.07576,1.5
2024-06-25,BMT-01,30.07664,-94.07121,2.5
2024-06-25,BMT-02,30.07667,-94.06785,2.2
2024-06-25,BMT-03,30.07583,-94.06433,3.3
2024-06-25,BMT-04,30.07467,-94.06087,10.0
2024-06-25,BMT-05,30.07319,-94.05821,4.4
2024-06-25,BMT-06,30.07097,-94.05761,1.8
2024-06-25,BMT-07,30.06816,-94.058,0.5
2024-06-25,BMT-08,30.06701,-94.05709,0.5
2024-06-25,BMT-09,30.06896,-94.05434,0.4
2024-06-25,BMT-10,30.06711,-94.05172,0.5
2024-06-25,BMT-11,30.06474,-94.0527,0.4
2024-06-25,BMT-12,30.06382,-94.075473,0.4
2024-06-25,BMT-13,30.06308,-94.05812,0.5
2024-06-25,BMT-14,30.0609,-94.06012,0.5
2024-06-25,BMT-15,30.05644,-94.06226,0.4
2024-06-25,BMT-16,30.0564,-94.06921,0.6
2024-06-25,BMT-17,30.05087,-94.06865,0.6
2024-06-25,BMT-18,30.0468,-94.07106,0.5
2024-06-25,BMT-19,30.04831,-94.07391,0.5
2024-06-25,BMT-20,30.05013,-94.07581,1.6
2024-06-25,BMT-21,30.05423,-94.0797,0.9
2024-06-25,BMT-22,30.05793,-94.07944,0.8
2024-06-25,BMT-23,30.0594,-94.0786,1.0
2024-06-25,BMT-24,30.06203,-94.0795,0.9
2024-06-25,BMT-25,30.06612,-94.07808,1.1
2024-06-25,BMT-26,30.06983,-94.07565,2.2
2024-06-25,BMT-27,30.07475,-94.07576,1.7
2024-07-09,BMT-01,30.07664,-94.07121,3.2
2024-07-09,BMT-01,30.07664,-94.07121,3.2
2024-07-09,BMT-02,30.07667,-94.06785,2.8
2024-07-09,BMT-02,30.07667,-94.06785,2.8
2024-07-09,BMT-03,30.07583,-94.06433,4.2
2024-07-09,BMT-03,30.07583,-94.06433,4.2
2024-07-09,BMT-04,30.07467,-94.06087,2.2
2024-07-09,BMT-04,30.07467,-94.06087,2.2
2024-07-09,BMT-05,30.07319,-94.05821,3.9
2024-07-09,BMT-05,30.07319,-94.05821,3.9
2024-07-09,BMT-06,30.07097,-94.05761,1.3
2024-07-09,BMT-06,30.07097,-94.05761,1.3
2024-07-09,BMT-07,30.06816,-94.058,0.75
2024-07-09,BMT-07,30.06816,-94.058,0.75
2024-07-09,BMT-08,30.06701,-94.05709,0.7
2024-07-09,BMT-08,30.06701,-94.05709,0.7
2024-07-09,BMT-09,30.06896,-94.05434,0.52
2024-07-09,BMT-09,30.06896,-94.05434,0.52
2024-07-09,BMT-10,30.06711,-94.05172,0.18
2024-07-09,BMT-10,30.06711,-94.05172,0.18
2024-07-09,BMT-11,30.06474,-94.0527,0.47
2024-07-09,BMT-11,30.06474,-94.0527,0.47
2024-07-09,BMT-12,30.06382,-94.075473,0.52
2024-07-09,BMT-12,30.06382,-94.075473,0.52
2024-07-09,BMT-13,30.06308,-94.05812,0.76
2024-07-09,BMT-13,30.06308,-94.05812,0.76
2024-07-09,BMT-14,30.0609,-94.06012,0.75
2024-07-09,BMT-14,30.0609,-94.06012,0.75
2024-07-09,BMT-15,30.05644,-94.06226,0.6
2024-07-09,BMT-15,30.05644,-94.06226,0.6
2024-07-09,BMT-16,30.0564,-94.06921,0.99
2024-07-09,BMT-16,30.0564,-94.06921,0.99
2024-07-09,BMT-17,30.05087,-94.06865,0.85
2024-07-09,BMT-17,30.05087,-94.06865,0.85
2024-07-09,BMT-18,30.0468,-94.07106,0.64
2024-07-09,BMT-18,30.0468,-94.07106,0.64
2024-07-09,BMT-19,30.04831,-94.07391,0.69
2024-07-09,BMT-19,30.04831,-94.07391,0.69
2024-07-09,BMT-20,30.05013,-94.07581,0.64
2024-07-09,BMT-20,30.05013,-94.07581,0.64
2024-07-09,BMT-21,30.05423,-94.0797,0.48
2024-07-09,BMT-21,30.05423,-94.0797,0.48
2024-07-09,BMT-22,30.05793,-94.07944,0.59
2024-07-09,BMT-22,30.05793,-94.07944,0.59
2024-07-09,BMT-23,30.0594,-94.0786,0.68
2024-07-09,BMT-23,30.0594,-94.0786,0.68
2024-07-09,BMT-24,30.06203,-94.0795,0.57
2024-07-09,BMT-24,30.06203,-94.0795,0.57
2024-07-09,BMT-25,30.06612,-94.07808,0.67
2024-07-09,BMT-25,30.06612,-94.07808,0.67
2024-07-09,BMT-26,30.06983,-94.07565,0.86
2024-07-09,BMT-26,30.06983,-94.07565,0.86
2024-07-09,BMT-27,30.07475,-94.07576,0.72
2024-07-09,BMT-27,30.07475,-94.07576,0.72
2024-07-23,BMT-01,30.07664,-94.07121,2.0
2024-07-23,BMT-01,30.07664,-94.07121,2.0
2024-07-23,BMT-02,30.07667,-94.06785,2.2
2024-07-23,BMT-02,30.07667,-94.06785,2.2
2024-07-23,BMT-03,30.07583,-94.06433,3.5
2024-07-23,BMT-03,30.07583,-94.06433,3.5
2024-07-23,BMT-04,30.07467,-94.06087,9.6
2024-07-23,BMT-04,30.07467,-94.06087,9.6
2024-07-23,BMT-05,30.07319,-94.05821,18.0
2024-07-23,BMT-05,30.07319,-94.05821,18.0
2024-07-23,BMT-06,30.07097,-94.05761,2.1
2024-07-23,BMT-06,30.07097,-94.05761,2.1
2024-07-23,BMT-07,30.06816,-94.058,1.0
2024-07-23,BMT-07,30.06816,-94.058,1.0
2024-07-23,BMT-08,30.06701,-94.05709,0.7
2024-07-23,BMT-08,30.06701,-94.05709,0.7
2024-07-23,BMT-09,30.06896,-94.05434,0.7
2024-07-23,BMT-09,30.06896,-94.05434,0.7
2024-07-23,BMT-10,30.06711,-94.05172,0.5
2024-07-23,BMT-10,30.06711,-94.05172,0.5
2024-07-23,BMT-11,30.06474,-94.0527,0.6
2024-07-23,BMT-11,30.06474,-94.0527,0.6
2024-07-23,BMT-12,30.06382,-94.075473,0.6
2024-07-23,BMT-12,30.06382,-94.075473,0.6
2024-07-23,BMT-13,30.06308,-94.05812,1.0
2024-07-23,BMT-13,30.06308,-94.05812,1.0
2024-07-23,BMT-14,30.0609,-94.06012,0.8
2024-07-23,BMT-14,30.0609,-94.06012,0.8
2024-07-23,BMT-15,30.05644,-94.06226,0.6
2024-07-23,BMT-15,30.05644,-94.06226,0.6
2024-07-23,BMT-16,30.0564,-94.06921,1.0
2024-07-23,BMT-16,30.0564,-94.06921,1.0
2024-07-23,BMT-17,30.05087,-94.06865,1.0
2024-07-23,BMT-17,30.05087,-94.06865,1.0
2024-07-23,BMT-18,30.0468,-94.07106,0.8
2024-07-23,BMT-18,30.0468,-94.07106,0.8
2024-07-23,BMT-19,30.04831,-94.07391,1.0
2024-07-23,BMT-19,30.04831,-94.07391,1.0
2024-07-23,BMT-20,30.05013,-94.07581,1.1
2024-07-23,BMT-20,30.05013,-94.07581,1.1
2024-07-23,BMT-21,30.05423,-94.0797,0.7
2024-07-23,BMT-21,30.05423,-94.0797,0.7
2024-07-23,BMT-22,30.05793,-94.07944,0.8
2024-07-23,BMT-22,30.05793,-94.07944,0.8
2024-07-23,BMT-23,30.0594,-94.0786,0.9
2024-07-23,BMT-23,30.0594,-94.0786,0.9
2024-07-23,BMT-24,30.06203,-94.0795,0.8
2024-07-23,BMT-24,30.06203,-94.0795,0.8
2024-07-23,BMT-25,30.06612,-94.07808,0.9
2024-07-23,BMT-25,30.06612,-94.07808,0.9
2024-07-23,BMT-26,30.06983,-94.07565,1.2
2024-07-23,BMT-26,30.06983,-94.07565,1.2
2024-07-23,BMT-27,30.07475,-94.07576,1.0
2024-07-23,BMT-27,30.07475,-94.07576,1.0
2024-08-06,BMT-01,30.07664,-94.07121,3.1
2024-08-06,BMT-01,30.07664,-94.07121,3.1
2024-08-06,BMT-02,30.07667,-94.06785,2.2
2024-08-06,BMT-02,30.07667,-94.06785,2.2
2024-08-06,BMT-03,30.07583,-94.06433,3.2
2024-08-06,BMT-03,30.07583,-94.06433,3.2
2024-08-06,BMT-04,30.07467,-94.06087,5.4
2024-08-06,BMT-04,30.07467,-94.06087,5.4
2024-08-06,BMT-05,30.07319,-94.05821,18.0
2024-08-06,BMT-05,30.07319,-94.05821,18.0
2024-08-06,BMT-06,30.07097,-94.05761,1.2
2024-08-06,BMT-06,30.07097,-94.05761,1.2
2024-08-06,BMT-07,30.06816,-94.058,0.9
2024-08-06,BMT-07,30.06816,-94.058,0.9
2024-08-06,BMT-08,30.06701,-94.05709,0.7
2024-08-06,BMT-08,30.06701,-94.05709,0.7
2024-08-06,BMT-09,30.06896,-94.05434,0.8
2024-08-06,BMT-09,30.06896,-94.05434,0.8
2024-08-06,BMT-10,30.06711,-94.05172,0.6
2024-08-06,BMT-10,30.06711,-94.05172,0.6
2024-08-06,BMT-11,30.06474,-94.0527,0.6
2024-08-06,BMT-11,30.06474,-94.0527,0.6
2024-08-06,BMT-12,30.06382,-94.075473,0.5
2024-08-06,BMT-12,30.06382,-94.075473,0.5
2024-08-06,BMT-13,30.06308,-94.05812,0.9
2024-08-06,BMT-13,30.06308,-94.05812,0.9
2024-08-06,BMT-14,30.0609,-94.06012,0.7
2024-08-06,BMT-14,30.0609,-94.06012,0.7
2024-08-06,BMT-15,30.05644,-94.06226,0.6
2024-08-06,BMT-15,30.05644,-94.06226,0.6
2024-08-06,BMT-16,30.0564,-94.06921,0.9
2024-08-06,BMT-16,30.0564,-94.06921,0.9
2024-08-06,BMT-17,30.05087,-94.06865,0.6
2024-08-06,BMT-17,30.05087,-94.06865,0.6
2024-08-06,BMT-18,30.0468,-94.07106,0.7
2024-08-06,BMT-18,30.0468,-94.07106,0.7
2024-08-06,BMT-19,30.04831,-94.07391,1.0
2024-08-06,BMT-19,30.04831,-94.07391,1.0
2024-08-06,BMT-20,30.05013,-94.07581,1.0
2024-08-06,BMT-20,30.05013,-94.07581,1.0
2024-08-06,BMT-21,30.05423,-94.0797,0.7
2024-08-06,BMT-21,30.05423,-94.0797,0.7
2024-08-06,BMT-22,30.05793,-94.07944,0.6
2024-08-06,BMT-22,30.05793,-94.07944,0.6
2024-08-06,BMT-23,30.0594,-94.0786,0.6
2024-08-06,BMT-23,30.0594,-94.0786,0.6
2024-08-06,BMT-24,30.06203,-94.0795,0.6
2024-08-06,BMT-24,30.06203,-94.0795,0.6
2024-08-06,BMT-25,30.06612,-94.07808,0.8
2024-08-06,BMT-25,30.06612,-94.07808,0.8
2024-08-06,BMT-26,30.06983,-94.07565,0.9
2024-08-06,BMT-26,30.06983,-94.07565,0.9
2024-08-06,BMT-27,30.07475,-94.07576,0.8
2024-08-06,BMT-27,30.07475,-94.07576,0.8
2024-08-20,BMT-01,30.07664,-94.07121,1.5
2024-08-20,BMT-01,30.07664,-94.07121,1.5
2024-08-20,BMT-02,30.07667,-94.06785,2.1
2024-08-20,BMT-02,30.07667,-94.06785,2.1
2024-08-20,BMT-03,30.07583,-94.06433,2.1
2024-08-20,BMT-03,30.07583,-94.06433,2.1
2024-08-20,BMT-04,30.07467,-94.06087,1.6
2024-08-20,BMT-04,30.07467,-94.06087,1.6
2024-08-20,BMT-05,30.07319,-94.05821,42.0
2024-08-20,BMT-05,30.07319,-94.05821,42.0
2024-08-20,BMT-06,30.07097,-94.05761,2.7
2024-08-20,BMT-06,30.07097,-94.05761,2.7
2024-08-20,BMT-07,30.06816,-94.058,1.0
2024-08-20,BMT-07,30.06816,-94.058,1.0
2024-08-20,BMT-08,30.06701,-94.05709,0.9
2024-08-20,BMT-08,30.06701,-94.05709,0.9
2024-08-20,BMT-09,30.06896,-94.05434,1.0
2024-08-20,BMT-09,30.06896,-94.05434,1.0
2024-08-20,BMT-10,30.06711,-94.05172,0.8
2024-08-20,BMT-10,30.06711,-94.05172,0.8
2024-08-20,BMT-11,30.06474,-94.0527,0.8
2024-08-20,BMT-11,30.06474,-94.0527,0.8
2024-08-20,BMT-12,30.06382,-94.075473,0.7
2024-08-20,BMT-12,30.06382,-94.075473,0.7
2024-08-20,BMT-13,30.06308,-94.05812,0.8
2024-08-20,BMT-13,30.06308,-94.05812,0.8
2024-08-20,BMT-14,30.0609,-94.06012,0.8
2024-08-20,BMT-14,30.0609,-94.06012,0.8
2024-08-20,BMT-15,30.05644,-94.06226,0.8
2024-08-20,BMT-15,30.05644,-94.06226,0.8
2024-08-20,BMT-16,30.0564,-94.06921,0.9
2024-08-20,BMT-16,30.0564,-94.06921,0.9
2024-08-20,BMT-17,30.05087,-94.06865,1.1
2024-08-20,BMT-17,30.05087,-94.06865,1.1
2024-08-20,BMT-18,30.0468,-94.07106,0.9
2024-08-20,BMT-18,30.0468,-94.07106,0.9
2024-08-20,BMT-19,30.04831,-94.07391,1.6
2024-08-20,BMT-19,30.04831,-94.07391,1.6
2024-08-20,BMT-20,30.05013,-94.07581,1.2
2024-08-20,BMT-20,30.05013,-94.07581,1.2
2024-08-20,BMT-21,30.05423,-94.0797,0.7
2024-08-20,BMT-21,30.05423,-94.0797,0.7
2024-08-20,BMT-22,30.05793,-94.07944,0.7
2024-08-20,BMT-22,30.05793,-94.07944,0.7
2024-08-20,BMT-23,30.0594,-94.0786,0.8
2024-08-20,BMT-23,30.0594,-94.0786,0.8
2024-08-20,BMT-24,30.06203,-94.0795,0.7
2024-08-20,BMT-24,30.06203,-94.0795,0.7
2024-08-20,BMT-25,30.06612,-94.07808,0.8
2024-08-20,BMT-25,30.06612,-94.07808,0.8
2024-08-20,BMT-26,30.06983,-94.07565,0.9
2024-08-20,BMT-26,30.06983,-94.07565,0.9
2024-08-20,BMT-27,30.07475,-94.07576,0.7
2024-08-20,BMT-27,30.07475,-94.07576,0.7
2024-09-03,BMT-01,30.07664,-94.07121,2.0
2024-09-03,BMT-01,30.07664,-94.07121,2.0
2024-09-03,BMT-02,30.07667,-94.06785,1.7
2024-09-03,BMT-02,30.07667,-94.06785,1.7
2024-09-03,BMT-03,30.07583,-94.06433,6.2
2024-09-03,BMT-03,30.07583,-94.06433,6.2
2024-09-03,BMT-04,30.07467,-94.06087,4.6
2024-09-03,BMT-04,30.07467,-94.06087,4.6
2024-09-03,BMT-05,30.07319,-94.05821,1.4
2024-09-03,BMT-05,30.07319,-94.05821,1.4
2024-09-03,BMT-06,30.07097,-94.05761,0.6
2024-09-03,BMT-06,30.07097,-94.05761,0.6
2024-09-03,BMT-07,30.06816,-94.058,0.6
2024-09-03,BMT-07,30.06816,-94.058,0.6
2024-09-03,BMT-08,30.06701,-94.05709,0.6
2024-09-03,BMT-08,30.06701,-94.05709,0.6
2024-09-03,BMT-09,30.06896,-94.05434,0.6
2024-09-03,BMT-09,30.06896,-94.05434,0.6
2024-09-03,BMT-10,30.06711,-94.05172,0.7
2024-09-03,BMT-10,30.06711,-94.05172,0.7
2024-09-03,BMT-11,30.06474,-94.0527,0.6
2024-09-03,BMT-11,30.06474,-94.0527,0.6
2024-09-03,BMT-12,30.06382,-94.075473,0.7
2024-09-03,BMT-12,30.06382,-94.075473,0.7
2024-09-03,BMT-13,30.06308,-94.05812,0.6
2024-09-03,BMT-13,30.06308,-94.05812,0.6
2024-09-03,BMT-14,30.0609,-94.06012,0.7
2024-09-03,BMT-14,30.0609,-94.06012,0.7
2024-09-03,BMT-15,30.05644,-94.06226,0.6
2024-09-03,BMT-15,30.05644,-94.06226,0.6
2024-09-03,BMT-16,30.0564,-94.06921,0.7
2024-09-03,BMT-16,30.0564,-94.06921,0.7
2024-09-03,BMT-17,30.05087,-94.06865,0.6
2024-09-03,BMT-17,30.05087,-94.06865,0.6
2024-09-03,BMT-18,30.0468,-94.07106,0.7
2024-09-03,BMT-18,30.0468,-94.07106,0.7
2024-09-03,BMT-19,30.04831,-94.07391,2.1
2024-09-03,BMT-19,30.04831,-94.07391,2.1
2024-09-03,BMT-20,30.05013,-94.07581,2.0
2024-09-03,BMT-20,30.05013,-94.07581,2.0
2024-09-03,BMT-21,30.05423,-94.0797,1.0
2024-09-03,BMT-21,30.05423,-94.0797,1.0
2024-09-03,BMT-22,30.05793,-94.07944,1.0
2024-09-03,BMT-22,30.05793,-94.07944,1.0
2024-09-03,BMT-23,30.0594,-94.0786,1.2
2024-09-03,BMT-23,30.0594,-94.0786,1.2
2024-09-03,BMT-24,30.06203,-94.0795,1.0
2024-09-03,BMT-24,30.06203,-94.0795,1.0
2024-09-03,BMT-25,30.06612,-94.07808,1.2
2024-09-03,BMT-25,30.06612,-94.07808,1.2
2024-09-03,BMT-26,30.06983,-94.07565,2.8
2024-09-03,BMT-26,30.06983,-94.07565,2.8
2024-09-03,BMT-27,30.07475,-94.07576,1.4
2024-09-03,BMT-27,30.07475,-94.07576,1.4
2024-09-17,BMT-01,30.07664,-94.07121,1.1
2024-09-17,BMT-01,30.07664,-94.07121,1.1
2024-09-17,BMT-02,30.07667,-94.06785,3.8
2024-09-17,BMT-02,30.07667,-94.06785,3.8
2024-09-17,BMT-03,30.07583,-94.06433,1.5
2024-09-17,BMT-03,30.07583,-94.06433,1.5
2024-09-17,BMT-04,30.07467,-94.06087,2.1
2024-09-17,BMT-04,30.07467,-94.06087,2.1
2024-09-17,BMT-05,30.07319,-94.05821,5.5
2024-09-17,BMT-05,30.07319,-94.05821,5.5
2024-09-17,BMT-06,30.07097,-94.05761,1.0
2024-09-17,BMT-06,30.07097,-94.05761,1.0
2024-09-17,BMT-07,30.06816,-94.058,0.8
2024-09-17,BMT-07,30.06816,-94.058,0.8
2024-09-17,BMT-08,30.06701,-94.05709,0.6
2024-09-17,BMT-08,30.06701,-94.05709,0.6
2024-09-17,BMT-09,30.06896,-94.05434,0.5
2024-09-17,BMT-09,30.06896,-94.05434,0.5
2024-09-17,BMT-10,30.06711,-94.05172,0.6
2024-09-17,BMT-10,30.06711,-94.05172,0.6
2024-09-17,BMT-11,30.06474,-94.0527,0.5
2024-09-17,BMT-11,30.06474,-94.0527,0.5
2024-09-17,BMT-12,30.06382,-94.075473,0.6
2024-09-17,BMT-12,30.06382,-94.075473,0.6
2024-09-17,BMT-13,30.06308,-94.05812,1.0
2024-09-17,BMT-13,30.06308,-94.05812,1.0
2024-09-17,BMT-14,30.0609,-94.06012,0.8
2024-09-17,BMT-14,30.0609,-94.06012,0.8
2024-09-17,BMT-15,30.05644,-94.06226,0.6
2024-09-17,BMT-15,30.05644,-94.06226,0.6
2024-09-17,BMT-16,30.0564,-94.06921,1.1
2024-09-17,BMT-16,30.0564,-94.06921,1.1
2024-09-17,BMT-17,30.05087,-94.06865,0.7
2024-09-17,BMT-17,30.05087,-94.06865,0.7
2024-09-17,BMT-18,30.0468,-94.07106,0.9
2024-09-17,BMT-18,30.0468,-94.07106,0.9
2024-09-17,BMT-19,30.04831,-94.07391,1.5
2024-09-17,BMT-19,30.04831,-94.07391,1.5
2024-09-17,BMT-20,30.05013,-94.07581,1.3
2024-09-17,BMT-20,30.05013,-94.07581,1.3
2024-09-17,BMT-21,30.05423,-94.0797,1.0
2024-09-17,BMT-21,30.05423,-94.0797,1.0
2024-09-17,BMT-22,30.05793,-94.07944,0.9
2024-09-17,BMT-22,30.05793,-94.07944,0.9
2024-09-17,BMT-23,30.0594,-94.0786,1.1
2024-09-17,BMT-23,30.0594,-94.0786,1.1
2024-09-17,BMT-24,30.06203,-94.0795,0.8
2024-09-17,BMT-24,30.06203,-94.0795,0.8
2024-09-17,BMT-25,30.06612,-94.07808,0.9
2024-09-17,BMT-25,30.06612,-94.07808,0.9
2024-09-17,BMT-26,30.06983,-94.07565,1.5
2024-09-17,BMT-26,30.06983,-94.07565,1.5
2024-09-17,BMT-27,30.07475,-94.07576,0.7
2024-09-17,BMT-27,30.07475,-94.07576,0.7
2024-09-30,BMT-01,30.07664,-94.07121,2.3
2024-09-30,BMT-01,30.07664,-94.07121,2.3
2024-09-30,BMT-02,30.07667,-94.06785,2.5
2024-09-30,BMT-02,30.07667,-94.06785,2.5
2024-09-30,BMT-03,30.07583,-94.06433,1.8
2024-09-30,BMT-03,30.07583,-94.06433,1.8
2024-09-30,BMT-04,30.07467,-94.06087,3.6
2024-09-30,BMT-04,30.07467,-94.06087,3.6
2024-09-30,BMT-05,30.07319,-94.05821,3.6
2024-09-30,BMT-05,30.07319,-94.05821,3.6
2024-09-30,BMT-06,30.07097,-94.05761,4.7
2024-09-30,BMT-06,30.07097,-94.05761,4.7
2024-09-30,BMT-07,30.06816,-94.058,1.6
2024-09-30,BMT-07,30.06816,-94.058,1.6
2024-09-30,BMT-08,30.06701,-94.05709,1.2
2024-09-30,BMT-08,30.06701,-94.05709,1.2
2024-09-30,BMT-09,30.06896,-94.05434,1.0
2024-09-30,BMT-09,30.06896,-94.05434,1.0
2024-09-30,BMT-10,30.06711,-94.05172,1.0
2024-09-30,BMT-10,30.06711,-94.05172,1.0
2024-09-30,BMT-11,30.06474,-94.0527,0.8
2024-09-30,BMT-11,30.06474,-94.0527,0.8
2024-09-30,BMT-12,30.06382,-94.075473,0.8
2024-09-30,BMT-12,30.06382,-94.075473,0.8
2024-09-30,BMT-13,30.06308,-94.05812,0.9
2024-09-30,BMT-13,30.06308,-94.05812,0.9
2024-09-30,BMT-14,30.0609,-94.06012,1.3
2024-09-30,BMT-14,30.0609,-94.06012,1.3
2024-09-30,BMT-15,30.05644,-94.06226,1.6
2024-09-30,BMT-15,30.05644,-94.06226,1.6
2024-09-30,BMT-16,30.0564,-94.06921,1.0
2024-09-30,BMT-16,30.0564,-94.06921,1.0
2024-09-30,BMT-17,30.05087,-94.06865,1.2
2024-09-30,BMT-17,30.05087,-94.06865,1.2
2024-09-30,BMT-18,30.0468,-94.07106,1.3
2024-09-30,BMT-18,30.0468,-94.07106,1.3
2024-09-30,BMT-19,30.04831,-94.07391,1.3
2024-09-30,BMT-19,30.04831,-94.07391,1.3
2024-09-30,BMT-20,30.05013,-94.07581,1.1
2024-09-30,BMT-20,30.05013,-94.07581,1.1
2024-09-30,BMT-21,30.05423,-94.0797,0.9
2024-09-30,BMT-21,30.05423,-94.0797,0.9
2024-09-30,BMT-22,30.05793,-94.07944,0.8
2024-09-30,BMT-22,30.05793,-94.07944,0.8
2024-09-30,BMT-23,30.0594,-94.0786,0.8
2024-09-30,BMT-23,30.0594,-94.0786,0.8
2024-09-30,BMT-24,30.06203,-94.0795,0.8
2024-09-30,BMT-24,30.06203,-94.0795,0.8
2024-09-30,BMT-25,30.06612,-94.07808,0.8
2024-09-30,BMT-25,30.06612,-94.07808,0.8
2024-09-30,BMT-26,30.06983,-94.07565,0.8
2024-09-30,BMT-26,30.06983,-94.07565,0.8
2024-09-30,BMT-27,30.07475,-94.07576,1.0
2024-09-30,BMT-27,30.07475,-94.07576,1.0
2024-10-15,BMT-01,30.07664,-94.07121,2.6
2024-10-15,BMT-01,30.07664,-94.07121,2.6
2024-10-15,BMT-02,30.07667,-94.06785,1.7
2024-10-15,BMT-02,30.07667,-94.06785,1.7
2024-10-15,BMT-03,30.07583,-94.06433,2.2
2024-10-15,BMT-03,30.07583,-94.06433,2.2
2024-10-15,BMT-04,30.07467,-94.06087,4.2
2024-10-15,BMT-04,30.07467,-94.06087,4.2
2024-10-15,BMT-05,30.07319,-94.05821,5.7
2024-10-15,BMT-05,30.07319,-94.05821,5.7
2024-10-15,BMT-06,30.07097,-94.05761,1.4
2024-10-15,BMT-06,30.07097,-94.05761,1.4
2024-10-15,BMT-07,30.06816,-94.058,1.2
2024-10-15,BMT-07,30.06816,-94.058,1.2
2024-10-15,BMT-08,30.06701,-94.05709,0.7
2024-10-15,BMT-08,30.06701,-94.05709,0.7
2024-10-15,BMT-09,30.06896,-94.05434,0.6
2024-10-15,BMT-09,30.06896,-94.05434,0.6
2024-10-15,BMT-10,30.06711,-94.05172,0.9
2024-10-15,BMT-10,30.06711,-94.05172,0.9
2024-10-15,BMT-11,30.06474,-94.0527,0.8
2024-10-15,BMT-11,30.06474,-94.0527,0.8
2024-10-15,BMT-12,30.06382,-94.075473,0.7
2024-10-15,BMT-12,30.06382,-94.075473,0.7
2024-10-15,BMT-13,30.06308,-94.05812,0.9
2024-10-15,BMT-13,30.06308,-94.05812,0.9
2024-10-15,BMT-14,30.0609,-94.06012,1.0
2024-10-15,BMT-14,30.0609,-94.06012,1.0
2024-10-15,BMT-15,30.05644,-94.06226,0.9
2024-10-15,BMT-15,30.05644,-94.06226,0.9
2024-10-15,BMT-16,30.0564,-94.06921,1.9
2024-10-15,BMT-16,30.0564,-94.06921,1.9
2024-10-15,BMT-17,30.05087,-94.06865,1.8
2024-10-15,BMT-17,30.05087,-94.06865,1.8
2024-10-15,BMT-18,30.0468,-94.07106,0.9
2024-10-15,BMT-18,30.0468,-94.07106,0.9
2024-10-15,BMT-19,30.04831,-94.07391,1.9
2024-10-15,BMT-19,30.04831,-94.07391,1.9
2024-10-15,BMT-20,30.05013,-94.07581,1.9
2024-10-15,BMT-20,30.05013,-94.07581,1.9
2024-10-15,BMT-21,30.05423,-94.0797,1.6
2024-10-15,BMT-21,30.05423,-94.0797,1.6
2024-10-15,BMT-22,30.05793,-94.07944,1.8
2024-10-15,BMT-22,30.05793,-94.07944,1.8
2024-10-15,BMT-23,30.0594,-94.0786,2.2
2024-10-15,BMT-23,30.0594,-94.0786,2.2
2024-10-15,BMT-24,30.06203,-94.0795,2.0
2024-10-15,BMT-24,30.06203,-94.0795,2.0
2024-10-15,BMT-25,30.06612,-94.07808,1.3
2024-10-15,BMT-25,30.06612,-94.07808,1.3
2024-10-15,BMT-26,30.06983,-94.07565,2.1
2024-10-15,BMT-26,30.06983,-94.07565,2.1
2024-10-15,BMT-27,30.07475,-94.07576,0.9
2024-10-15,BMT-27,30.07475,-94.07576,0.9
2024-10-29,BMT-01,30.07664,-94.07121,2.8
2024-10-29,BMT-01,30.07664,-94.07121,2.8
2024-10-29,BMT-02,30.07667,-94.06785,2.9
2024-10-29,BMT-02,30.07667,-94.06785,2.9
2024-10-29,BMT-03,30.07583,-94.06433,5.1
2024-10-29,BMT-03,30.07583,-94.06433,5.1
2024-10-29,BMT-04,30.07467,-94.06087,12.0
2024-10-29,BMT-04,30.07467,-94.06087,12.0
2024-10-29,BMT-05,30.07319,-94.05821,2.0
2024-10-29,BMT-05,30.07319,-94.05821,2.0
2024-10-29,BMT-06,30.07097,-94.05761,1.2
2024-10-29,BMT-06,30.07097,-94.05761,1.2
2024-10-29,BMT-07,30.06816,-94.058,0.8
2024-10-29,BMT-07,30.06816,-94.058,0.8
2024-10-29,BMT-08,30.06701,-94.05709,0.8
2024-10-29,BMT-08,30.06701,-94.05709,0.8
2024-10-29,BMT-09,30.06896,-94.05434,0.8
2024-10-29,BMT-09,30.06896,-94.05434,0.8
2024-10-29,BMT-10,30.06711,-94.05172,0.9
2024-10-29,BMT-10,30.06711,-94.05172,0.9
2024-10-29,BMT-11,30.06474,-94.0527,0.8
2024-10-29,BMT-11,30.06474,-94.0527,0.8
2024-10-29,BMT-12,30.06382,-94.075473,0.7
2024-10-29,BMT-12,30.06382,-94.075473,0.7
2024-10-29,BMT-13,30.06308,-94.05812,0.9
2024-10-29,BMT-13,30.06308,-94.05812,0.9
2024-10-29,BMT-14,30.0609,-94.06012,0.9
2024-10-29,BMT-14,30.0609,-94.06012,0.9
2024-10-29,BMT-15,30.05644,-94.06226,0.9
2024-10-29,BMT-15,30.05644,-94.06226,0.9
2024-10-29,BMT-16,30.0564,-94.06921,0.9
2024-10-29,BMT-16,30.0564,-94.06921,0.9
2024-10-29,BMT-17,30.05087,-94.06865,0.8
2024-10-29,BMT-17,30.05087,-94.06865,0.8
2024-10-29,BMT-18,30.0468,-94.07106,0.9
2024-10-29,BMT-18,30.0468,-94.07106,0.9
2024-10-29,BMT-19,30.04831,-94.07391,1.7
2024-10-29,BMT-19,30.04831,-94.07391,1.7
2024-10-29,BMT-20,30.05013,-94.07581,1.8
2024-10-29,BMT-20,30.05013,-94.07581,1.8
2024-10-29,BMT-21,30.05423,-94.0797,1.3
2024-10-29,BMT-21,30.05423,-94.0797,1.3
2024-10-29,BMT-22,30.05793,-94.07944,1.3
2024-10-29,BMT-22,30.05793,-94.07944,1.3
2024-10-29,BMT-23,30.0594,-94.0786,1.5
2024-10-29,BMT-23,30.0594,-94.0786,1.5
2024-10-29,BMT-24,30.06203,-94.0795,1.5
2024-10-29,BMT-24,30.06203,-94.0795,1.5
2024-10-29,BMT-25,30.06612,-94.07808,1.5
2024-10-29,BMT-25,30.06612,-94.07808,1.5
2024-10-29,BMT-26,30.06983,-94.07565,2.2
2024-10-29,BMT-26,30.06983,-94.07565,2.2
2024-10-29,BMT-27,30.07475,-94.07576,1.5
2024-10-29,BMT-27,30.07475,-94.07576,1.5
2024-11-12,BMT-01,30.07664,-94.07121,2.5
2024-11-12,BMT-01,30.07664,-94.07121,2.5
2024-11-12,BMT-02,30.07667,-94.06785,1.8
2024-11-12,BMT-02,30.07667,-94.06785,1.8
2024-11-12,BMT-03,30.07583,-94.06433,2.6
2024-11-12,BMT-03,30.07583,-94.06433,2.6
2024-11-12,BMT-04,30.07467,-94.06087,11.0
2024-11-12,BMT-04,30.07467,-94.06087,11.0
2024-11-12,BMT-05,30.07319,-94.05821,5.6
2024-11-12,BMT-05,30.07319,-94.05821,5.6
2024-11-12,BMT-06,30.07097,-94.05761,1.1
2024-11-12,BMT-06,30.07097,-94.05761,1.1
2024-11-12,BMT-07,30.06816,-94.058,0.8
2024-11-12,BMT-07,30.06816,-94.058,0.8
2024-11-12,BMT-08,30.06701,-94.05709,0.6
2024-11-12,BMT-08,30.06701,-94.05709,0.6
2024-11-12,BMT-09,30.06896,-94.05434,0.5
2024-11-12,BMT-09,30.06896,-94.05434,0.5
2024-11-12,BMT-10,30.06711,-94.05172,0.5
2024-11-12,BMT-10,30.06711,-94.05172,0.5
2024-11-12,BMT-11,30.06474,-94.0527,0.5
2024-11-12,BMT-11,30.06474,-94.0527,0.5
2024-11-12,BMT-12,30.06382,-94.075473,0.7
2024-11-12,BMT-12,30.06382,-94.075473,0.7
2024-11-12,BMT-13,30.06308,-94.05812,1.6
2024-11-12,BMT-13,30.06308,-94.05812,1.6
2024-11-12,BMT-14,30.0609,-94.06012,0.9
2024-11-12,BMT-14,30.0609,-94.06012,0.9
2024-11-12,BMT-15,30.05644,-94.06226,0.7
2024-11-12,BMT-15,30.05644,-94.06226,0.7
2024-11-12,BMT-16,30.0564,-94.06921,0.9
2024-11-12,BMT-16,30.0564,-94.06921,0.9
2024-11-12,BMT-17,30.05087,-94.06865,0.7
2024-11-12,BMT-17,30.05087,-94.06865,0.7
2024-11-12,BMT-18,30.0468,-94.07106,0.8
2024-11-12,BMT-18,30.0468,-94.07106,0.8
2024-11-12,BMT-19,30.04831,-94.07391,1.4
2024-11-12,BMT-19,30.04831,-94.07391,1.4
2024-11-12,BMT-20,30.05013,-94.07581,1.7
2024-11-12,BMT-20,30.05013,-94.07581,1.7
2024-11-12,BMT-21,30.05423,-94.0797,1.0
2024-11-12,BMT-21,30.05423,-94.0797,1.0
2024-11-12,BMT-22,30.05793,-94.07944,1.0
2024-11-12,BMT-22,30.05793,-94.07944,1.0
2024-11-12,BMT-23,30.0594,-94.0786,1.1
2024-11-12,BMT-23,30.0594,-94.0786,1.1
2024-11-12,BMT-24,30.06203,-94.0795,1.1
2024-11-12,BMT-24,30.06203,-94.0795,1.1
2024-11-12,BMT-25,30.06612,-94.07808,1.1
2024-11-12,BMT-25,30.06612,-94.07808,1.1
2024-11-12,BMT-26,30.06983,-94.07565,2.2
2024-11-12,BMT-26,30.06983,-94.07565,2.2
2024-11-12,BMT-27,30.07475,-94.07576,2.1
2024-11-12,BMT-27,30.07475,-94.07576,2.1
2024-11-26,BMT-01,30.07664,-94.07121,4.5
2024-11-26,BMT-01,30.07664,-94.07121,4.5
2024-11-26,BMT-02,30.07667,-94.06785,2.1
2024-11-26,BMT-02,30.07667,-94.06785,2.1
2024-11-26,BMT-03,30.07583,-94.06433,2.9
2024-11-26,BMT-03,30.07583,-94.06433,2.9
2024-11-26,BMT-04,30.07467,-94.06087,5.9
2024-11-26,BMT-04,30.07467,-94.06087,5.9
2024-11-26,BMT-05,30.07319,-94.05821,18.0
2024-11-26,BMT-05,30.07319,-94.05821,18.0
2024-11-26,BMT-06,30.07097,-94.05761,3.4
2024-11-26,BMT-06,30.07097,-94.05761,3.4
2024-11-26,BMT-07,30.06816,-94.058,1.5
2024-11-26,BMT-07,30.06816,-94.058,1.5
2024-11-26,BMT-08,30.06701,-94.05709,
2024-11-26,BMT-08,30.06701,-94.05709,1.2
2024-11-26,BMT-09,30.06896,-94.05434,1.0
2024-11-26,BMT-09,30.06896,-94.05434,1.0
2024-11-26,BMT-10,30.06711,-94.05172,0.9
2024-11-26,BMT-10,30.06711,-94.05172,0.9
2024-11-26,BMT-11,30.06474,-94.0527,0.7
2024-11-26,BMT-11,30.06474,-94.0527,0.7
2024-11-26,BMT-12,30.06382,-94.075473,0.8
2024-11-26,BMT-12,30.06382,-94.075473,0.8
2024-11-26,BMT-13,30.06308,-94.05812,1.2
2024-11-26,BMT-13,30.06308,-94.05812,1.2
2024-11-26,BMT-14,30.0609,-94.06012,1.8
2024-11-26,BMT-14,30.0609,-94.06012,1.8
2024-11-26,BMT-15,30.05644,-94.06226,1.1
2024-11-26,BMT-15,30.05644,-94.06226,1.1
2024-11-26,BMT-16,30.0564,-94.06921,1.1
2024-11-26,BMT-16,30.0564,-94.06921,1.1
2024-11-26,BMT-17,30.05087,-94.06865,1.1
2024-11-26,BMT-17,30.05087,-94.06865,1.1
2024-11-26,BMT-18,30.0468,-94.07106,1.2
2024-11-26,BMT-18,30.0468,-94.07106,1.2
2024-11-26,BMT-19,30.04831,-94.07391,1.2
2024-11-26,BMT-19,30.04831,-94.07391,1.2
2024-11-26,BMT-20,30.05013,-94.07581,1.4
2024-11-26,BMT-20,30.05013,-94.07581,1.4
2024-11-26,BMT-21,30.05423,-94.0797,1.0
2024-11-26,BMT-21,30.05423,-94.0797,1.0
2024-11-26,BMT-22,30.05793,-94.07944,0.9
2024-11-26,BMT-22,30.05793,-94.07944,0.9
2024-11-26,BMT-23,30.0594,-94.0786,1.1
2024-11-26,BMT-23,30.0594,-94.0786,1.1
2024-11-26,BMT-24,30.06203,-94.0795,0.9
2024-11-26,BMT-24,30.06203,-94.0795,0.9
2024-11-26,BMT-25,30.06612,-94.07808,1.0
2024-11-26,BMT-25,30.06612,-94.07808,1.0
2024-11-26,BMT-26,30.06983,-94.07565,1.6
2024-11-26,BMT-26,30.06983,-94.07565,1.6
2024-11-26,BMT-27,30.07475,-94.07576,1.5
2024-11-26,BMT-27,30.07475,-94.07576,1.5
2024-12-10,BMT-01,30.07664,-94.07121,2.9
2024-12-10,BMT-01,30.07664,-94.07121,2.9
2024-12-10,BMT-02,30.07667,-94.06785,2.6
2024-12-10,BMT-02,30.07667,-94.06785,2.6
2024-12-10,BMT-03,30.07583,-94.06433,2.1
2024-12-10,BMT-03,30.07583,-94.06433,2.1
2024-12-10,BMT-04,30.07467,-94.06087,3.4
2024-12-10,BMT-04,30.07467,-94.06087,3.4
2024-12-10,BMT-05,30.07319,-94.05821,5.2
2024-12-10,BMT-05,30.07319,-94.05821,5.2
2024-12-10,BMT-06,30.07097,-94.05761,1.2
2024-12-10,BMT-06,30.07097,-94.05761,1.2
2024-12-10,BMT-07,30.06816,-94.058,1.2
2024-12-10,BMT-07,30.06816,-94.058,1.2
2024-12-10,BMT-08,30.06701,-94.05709,0.9
2024-12-10,BMT-08,30.06701,-94.05709,0.9
2024-12-10,BMT-09,30.06896,-94.05434,0.9
2024-12-10,BMT-09,30.06896,-94.05434,0.9
2024-12-10,BMT-10,30.06711,-94.05172,0.8
2024-12-10,BMT-10,30.06711,-94.05172,0.8
2024-12-10,BMT-11,30.06474,-94.0527,0.8
2024-12-10,BMT-11,30.06474,-94.0527,0.8
2024-12-10,BMT-12,30.06382,-94.075473,0.9
2024-12-10,BMT-12,30.06382,-94.075473,0.9
2024-12-10,BMT-13,30.06308,-94.05812,1.2
2024-12-10,BMT-13,30.06308,-94.05812,1.2
2024-12-10,BMT-14,30.0609,-94.06012,1.1
2024-12-10,BMT-14,30.0609,-94.06012,1.1
2024-12-10,BMT-15,30.05644,-94.06226,0.9
2024-12-10,BMT-15,30.05644,-94.06226,0.9
2024-12-10,BMT-16,30.0564,-94.06921,1.2
2024-12-10,BMT-16,30.0564,-94.06921,1.2
2024-12-10,BMT-17,30.05087,-94.06865,1.0
2024-12-10,BMT-17,30.05087,-94.06865,1.0
2024-12-10,BMT-18,30.0468,-94.07106,1.0
2024-12-10,BMT-18,30.0468,-94.07106,1.0
2024-12-10,BMT-19,30.04831,-94.07391,1.9
2024-12-10,BMT-19,30.04831,-94.07391,1.9
2024-12-10,BMT-20,30.05013,-94.07581,2.0
2024-12-10,BMT-20,30.05013,-94.07581,2.0
2024-12-10,BMT-21,30.05423,-94.0797,1.1
2024-12-10,BMT-21,30.05423,-94.0797,1.1
2024-12-10,BMT-22,30.05793,-94.07944,1.4
2024-12-10,BMT-22,30.05793,-94.07944,1.4
2024-12-10,BMT-23,30.0594,-94.0786,1.4
2024-12-10,BMT-23,30.0594,-94.0786,1.4
2024-12-10,BMT-24,30.06203,-94.0795,1.2
2024-12-10,BMT-24,30.06203,-94.0795,1.2
2024-12-10,BMT-25,30.06612,-94.07808,1.4
2024-12-10,BMT-25,30.06612,-94.07808,1.4
2024-12-10,BMT-26,30.06983,-94.07565,2.6
2024-12-10,BMT-26,30.06983,-94.07565,2.6
2024-12-10,BMT-27,30.07475,-94.07576,1.2
2024-12-10,BMT-27,30.07475,-94.07576,1.2
2024-12-24,BMT-01,30.07664,-94.07121,6.2
2024-12-24,BMT-01,30.07664,-94.07121,6.2
2024-12-24,BMT-02,30.07667,-94.06785,2.0
2024-12-24,BMT-02,30.07667,-94.06785,2.0
2024-12-24,BMT-03,30.07583,-94.06433,2.3
2024-12-24,BMT-03,30.07583,-94.06433,2.3
2024-12-24,BMT-04,30.07467,-94.06087,6.6
2024-12-24,BMT-04,30.07467,-94.06087,6.6
2024-12-24,BMT-05,30.07319,-94.05821,3.3
2024-12-24,BMT-05,30.07319,-94.05821,3.3
2024-12-24,BMT-06,30.07097,-94.05761,2.1
2024-12-24,BMT-06,30.07097,-94.05761,2.1
2024-12-24,BMT-07,30.06816,-94.058,0.9
2024-12-24,BMT-07,30.06816,-94.058,0.9
2024-12-24,BMT-08,30.06701,-94.05709,0.8
2024-12-24,BMT-08,30.06701,-94.05709,0.8
2024-12-24,BMT-09,30.06896,-94.05434,0.7
2024-12-24,BMT-09,30.06896,-94.05434,0.7
2024-12-24,BMT-10,30.06711,-94.05172,0.7
2024-12-24,BMT-10,30.06711,-94.05172,0.7
2024-12-24,BMT-11,30.06474,-94.0527,0.7
2024-12-24,BMT-11,30.06474,-94.0527,0.7
2024-12-24,BMT-12,30.06382,-94.075473,0.8
2024-12-24,BMT-12,30.06382,-94.075473,0.8
2024-12-24,BMT-13,30.06308,-94.05812,1.1
2024-12-24,BMT-13,30.06308,-94.05812,1.1
2024-12-24,BMT-14,30.0609,-94.06012,1.4
2024-12-24,BMT-14,30.0609,-94.06012,1.4
2024-12-24,BMT-15,30.05644,-94.06226,1.0
2024-12-24,BMT-15,30.05644,-94.06226,1.0
2024-12-24,BMT-16,30.0564,-94.06921,1.0
2024-12-24,BMT-16,30.0564,-94.06921,1.0
2024-12-24,BMT-17,30.05087,-94.06865,1.0
2024-12-24,BMT-17,30.05087,-94.06865,1.0
2024-12-24,BMT-18,30.0468,-94.07106,1.0
2024-12-24,BMT-18,30.0468,-94.07106,1.0
2024-12-24,BMT-19,30.04831,-94.07391,1.7
2024-12-24,BMT-19,30.04831,-94.07391,1.7
2024-12-24,BMT-20,30.05013,-94.07581,1.6
2024-12-24,BMT-20,30.05013,-94.07581,1.6
2024-12-24,BMT-21,30.05423,-94.0797,1.1
2024-12-24,BMT-21,30.05423,-94.0797,1.1
2024-12-24,BMT-22,30.05793,-94.07944,1.0
2024-12-24,BMT-22,30.05793,-94.07944,1.0
2024-12-24,BMT-23,30.0594,-94.0786,1.2
2024-12-24,BMT-23,30.0594,-94.0786,1.2
2024-12-24,BMT-24,30.06203,-94.0795,1.0
2024-12-24,BMT-24,30.06203,-94.0795,1.0
2024-12-24,BMT-25,30.06612,-94.07808,1.3
2024-12-24,BMT-25,30.06612,-94.07808,1.3
2024-12-24,BMT-26,30.06983,-94.07565,2.7
2024-12-24,BMT-26,30.06983,-94.07565,2.7
2024-12-24,BMT-27,30.07475,-94.07576,2.2
2024-12-24,BMT-27,30.07475,-94.07576,2.2
2025-01-07,BMT-01,30.07664,-94.07121,1.8
2025-01-07,BMT-01,30.07664,-94.07121,1.8
2025-01-07,BMT-02,30.07667,-94.06785,2.3
2025-01-07,BMT-02,30.07667,-94.06785,2.3
2025-01-07,BMT-03,30.07583,-94.06433,2.2
2025-01-07,BMT-03,30.07583,-94.06433,2.2
2025-01-07,BMT-04,30.07467,-94.06087,6.2
2025-01-07,BMT-04,30.07467,-94.06087,6.2
2025-01-07,BMT-05,30.07319,-94.05821,5.0
2025-01-07,BMT-05,30.07319,-94.05821,5.0
2025-01-07,BMT-06,30.07097,-94.05761,1.4
2025-01-07,BMT-06,30.07097,-94.05761,1.4
2025-01-07,BMT-07,30.06816,-94.058,0.8
2025-01-07,BMT-07,30.06816,-94.058,0.8
2025-01-07,BMT-08,30.06701,-94.05709,0.8
2025-01-07,BMT-08,30.06701,-94.05709,0.8
2025-01-07,BMT-09,30.06896,-94.05434,0.7
2025-01-07,BMT-09,30.06896,-94.05434,0.7
2025-01-07,BMT-10,30.06711,-94.05172,0.6
2025-01-07,BMT-10,30.06711,-94.05172,0.6
2025-01-07,BMT-11,30.06474,-94.0527,0.6
2025-01-07,BMT-11,30.06474,-94.0527,0.6
2025-01-07,BMT-12,30.06382,-94.075473,0.7
2025-01-07,BMT-12,30.06382,-94.075473,0.7
2025-01-07,BMT-13,30.06308,-94.05812,1.5
2025-01-07,BMT-13,30.06308,-94.05812,1.5
2025-01-07,BMT-14,30.0609,-94.06012,1.1
2025-01-07,BMT-14,30.0609,-94.06012,1.1
2025-01-07,BMT-15,30.05644,-94.06226,0.9
2025-01-07,BMT-15,30.05644,-94.06226,0.9
2025-01-07,BMT-16,30.0564,-94.06921,1.0
2025-01-07,BMT-16,30.0564,-94.06921,1.0
2025-01-07,BMT-17,30.05087,-94.06865,10.0
2025-01-07,BMT-17,30.05087,-94.06865,10.0
2025-01-07,BMT-18,30.0468,-94.07106,1.9
2025-01-07,BMT-18,30.0468,-94.07106,1.9
2025-01-07,BMT-19,30.04831,-94.07391,1.5
2025-01-07,BMT-19,30.04831,-94.07391,1.5
2025-01-07,BMT-20,30.05013,-94.07581,1.5
2025-01-07,BMT-20,30.05013,-94.07581,1.5
2025-01-07,BMT-21,30.05423,-94.0797,1.0
2025-01-07,BMT-21,30.05423,-94.0797,1.0
2025-01-07,BMT-22,30.05793,-94.07944,0.9
2025-01-07,BMT-22,30.05793,-94.07944,0.9
2025-01-07,BMT-23,30.0594,-94.0786,1.1
2025-01-07,BMT-23,30.0594,-94.0786,1.1
2025-01-07,BMT-24,30.06203,-94.0795,0.8
2025-01-07,BMT-24,30.06203,-94.0795,0.8
2025-01-07,BMT-25,30.06612,-94.07808,1.0
2025-01-07,BMT-25,30.06612,-94.07808,1.0
2025-01-07,BMT-26,30.06983,-94.07565,2.2
2025-01-07,BMT-26,30.06983,-94.07565,2.2
2025-01-07,BMT-27,30.07475,-94.07576,1.9
2025-01-07,BMT-27,30.07475,-94.07576,1.9
2025-01-20,BMT-01,30.07664,-94.07121,2.4
2025-01-20,BMT-01,30.07664,-94.07121,2.4
2025-01-20,BMT-02,30.07667,-94.06785,2.8
2025-01-20,BMT-02,30.07667,-94.06785,2.8
2025-01-20,BMT-03,30.07583,-94.06433,1.4
2025-01-20,BMT-03,30.07583,-94.06433,1.4
2025-01-20,BMT-04,30.07467,-94.06087,5.5
2025-01-20,BMT-04,30.07467,-94.06087,5.5
2025-01-20,BMT-05,30.07319,-94.05821,6.6
2025-01-20,BMT-05,30.07319,-94.05821,6.6
2025-01-20,BMT-06,30.07097,-94.05761,1.6
2025-01-20,BMT-06,30.07097,-94.05761,1.6
2025-01-20,BMT-07,30.06816,-94.058,1.1
2025-01-20,BMT-07,30.06816,-94.058,1.1
2025-01-20,BMT-08,30.06701,-94.05709,1.0
2025-01-20,BMT-08,30.06701,-94.05709,1.0
2025-01-20,BMT-09,30.06896,-94.05434,1.0
2025-01-20,BMT-09,30.06896,-94.05434,1.0
2025-01-20,BMT-10,30.06711,-94.05172,0.9
2025-01-20,BMT-10,30.06711,-94.05172,0.9
2025-01-20,BMT-11,30.06474,-94.0527,1.5
2025-01-20,BMT-11,30.06474,-94.0527,1.5
2025-01-20,BMT-12,30.06382,-94.075473,1.5
2025-01-20,BMT-12,30.06382,-94.075473,1.5
2025-01-20,BMT-13,30.06308,-94.05812,1.1
2025-01-20,BMT-13,30.06308,-94.05812,1.1
2025-01-20,BMT-14,30.0609,-94.06012,1.4
2025-01-20,BMT-14,30.0609,-94.06012,1.4
2025-01-20,BMT-15,30.05644,-94.06226,1.1
2025-01-20,BMT-15,30.05644,-94.06226,1.1
2025-01-20,BMT-16,30.0564,-94.06921,1.4
2025-01-20,BMT-16,30.0564,-94.06921,1.4
2025-01-20,BMT-17,30.05087,-94.06865,1.1
2025-01-20,BMT-17,30.05087,-94.06865,1.1
2025-01-20,BMT-18,30.0468,-94.07106,1.5
2025-01-20,BMT-18,30.0468,-94.07106,1.5
2025-01-20,BMT-19,30.04831,-94.07391,1.6
2025-01-20,BMT-19,30.04831,-94.07391,1.6
2025-01-20,BMT-20,30.05013,-94.07581,1.5
2025-01-20,BMT-20,30.05013,-94.07581,1.5
2025-01-20,BMT-21,30.05423,-94.0797,1.0
2025-01-20,BMT-21,30.05423,-94.0797,1.0
2025-01-20,BMT-22,30.05793,-94.07944,1.0
2025-01-20,BMT-22,30.05793,-94.07944,1.0
2025-01-20,BMT-23,30.0594,-94.0786,1.3
2025-01-20,BMT-23,30.0594,-94.0786,1.3
2025-01-20,BMT-24,30.06203,-94.0795,1.0
2025-01-20,BMT-24,30.06203,-94.0795,1.0
2025-01-20,BMT-25,30.06612,-94.07808,1.1
2025-01-20,BMT-25,30.06612,-94.07808,1.1
2025-01-20,BMT-26,30.06983,-94.07565,1.6
2025-01-20,BMT-26,30.06983,-94.07565,1.6
2025-01-20,BMT-27,30.07475,-94.07576,1.0
2025-01-20,BMT-27,30.07475,-94.07576,1.0
2025-02-04,BMT-01,30.07664,-94.07121,6.1
2025-02-04,BMT-01,30.07664,-94.07121,6.1
2025-02-04,BMT-02,30.07667,-94.06785,9.9
2025-02-04,BMT-02,30.07667,-94.06785,9.9
2025-02-04,BMT-03,30.07583,-94.06433,4.4
2025-02-04,BMT-03,30.07583,-94.06433,4.4
2025-02-04,BMT-04,30.07467,-94.06087,6.6
2025-02-04,BMT-04,30.07467,-94.06087,6.6
2025-02-04,BMT-05,30.07319,-94.05821,5.6
2025-02-04,BMT-05,30.07319,-94.05821,5.6
2025-02-04,BMT-06,30.07097,-94.05761,1.9
2025-02-04,BMT-06,30.07097,-94.05761,1.9
2025-02-04,BMT-07,30.06816,-94.058,1.5
2025-02-04,BMT-07,30.06816,-94.058,1.5
2025-02-04,BMT-08,30.06701,-94.05709,1.3
2025-02-04,BMT-08,30.06701,-94.05709,1.3
2025-02-04,BMT-09,30.06896,-94.05434,0.9
2025-02-04,BMT-09,30.06896,-94.05434,0.9
2025-02-04,BMT-10,30.06711,-94.05172,1.0
2025-02-04,BMT-10,30.06711,-94.05172,1.0
2025-02-04,BMT-11,30.06474,-94.0527,1.0
2025-02-04,BMT-11,30.06474,-94.0527,1.0
2025-02-04,BMT-12,30.06382,-94.075473,
2025-02-04,BMT-12,30.06382,-94.075473,
2025-02-04,BMT-13,30.06308,-94.05812,1.6
2025-02-04,BMT-13,30.06308,-94.05812,1.6
2025-02-04,BMT-14,30.0609,-94.06012,1.6
2025-02-04,BMT-14,30.0609,-94.06012,1.6
2025-02-04,BMT-15,30.05644,-94.06226,1.8
2025-02-04,BMT-15,30.05644,-94.06226,1.8
2025-02-04,BMT-16,30.0564,-94.06921,1.2
2025-02-04,BMT-16,30.0564,-94.06921,1.2
2025-02-04,BMT-17,30.05087,-94.06865,1.1
2025-02-04,BMT-17,30.05087,-94.06865,1.1
2025-02-04,BMT-18,30.0468,-94.07106,1.2
2025-02-04,BMT-18,30.0468,-94.07106,1.2
2025-02-04,BMT-19,30.04831,-94.07391,1.8
2025-02-04,BMT-19,30.04831,-94.07391,1.8
2025-02-04,BMT-20,30.05013,-94.07581,1.8
2025-02-04,BMT-20,30.05013,-94.07581,1.8
2025-02-04,BMT-21,30.05423,-94.0797,1.2
2025-02-04,BMT-21,30.05423,-94.0797,1.2
2025-02-04,BMT-22,30.05793,-94.07944,1.2
2025-02-04,BMT-22,30.05793,-94.07944,1.2
2025-02-04,BMT-23,30.0594,-94.0786,1.3
2025-02-04,BMT-23,30.0594,-94.0786,1.3
2025-02-04,BMT-24,30.06203,-94.0795,1.2
2025-02-04,BMT-24,30.06203,-94.0795,1.2
2025-02-04,BMT-25,30.06612,-94.07808,1.4
2025-02-04,BMT-25,30.06612,-94.07808,1.4
2025-02-04,BMT-26,30.06983,-94.07565,2.8
2025-02-04,BMT-26,30.06983,-94.07565,2.8
2025-02-04,BMT-27,30.07475,-94.07576,2.0
2025-02-04,BMT-27,30.07475,-94.07576,2.0
2025-03-04,BMT-01,30.07664,-94.07121,3.2
2025-03-04,BMT-01,30.07664,-94.07121,3.2
2025-03-04,BMT-02,30.07667,-94.06785,1.7
2025-03-04,BMT-02,30.07667,-94.06785,1.7
2025-03-04,BMT-03,30.07583,-94.06433,2.6
2025-03-04,BMT-03,30.07583,-94.06433,2.6
2025-03-04,BMT-04,30.07467,-94.06087,4.0
2025-03-04,BMT-04,30.07467,-94.06087,4.0
2025-03-04,BMT-05,30.07319,-94.05821,10.0
2025-03-04,BMT-05,30.07319,-94.05821,10.0
2025-03-04,BMT-06,30.07097,-94.05761,1.5
2025-03-04,BMT-06,30.07097,-94.05761,1.5
2025-03-04,BMT-07,30.06816,-94.058,1.1
2025-03-04,BMT-07,30.06816,-94.058,1.1
2025-03-04,BMT-08,30.06701,-94.05709,0.9
2025-03-04,BMT-08,30.06701,-94.05709,0.9
2025-03-04,BMT-09,30.06896,-94.05434,0.8
2025-03-04,BMT-09,30.06896,-94.05434,0.8
2025-03-04,BMT-10,30.06711,-94.05172,0.9
2025-03-04,BMT-10,30.06711,-94.05172,0.9
2025-03-04,BMT-11,30.06474,-94.0527,0.8
2025-03-04,BMT-11,30.06474,-94.0527,0.8
2025-03-04,BMT-12,30.06382,-94.075473,0.8
2025-03-04,BMT-12,30.06382,-94.075473,0.8
2025-03-04,BMT-13,30.06308,-94.05812,1.5
2025-03-04,BMT-13,30.06308,-94.05812,1.5
2025-03-04,BMT-14,30.0609,-94.06012,1.3
2025-03-04,BMT-14,30.0609,-94.06012,1.3
2025-03-04,BMT-15,30.05644,-94.06226,1.2
2025-03-04,BMT-15,30.05644,-94.06226,1.2
2025-03-04,BMT-16,30.0564,-94.06921,1.8
2025-03-04,BMT-16,30.0564,-94.06921,1.8
2025-03-04,BMT-17,30.05087,-94.06865,1.2
2025-03-04,BMT-17,30.05087,-94.06865,1.2
2025-03-04,BMT-18,30.0468,-94.07106,1.4
2025-03-04,BMT-18,30.0468,-94.07106,1.4
2025-03-04,BMT-19,30.04831,-94.07391,2.1
2025-03-04,BMT-19,30.04831,-94.07391,2.1
2025-03-04,BMT-20,30.05013,-94.07581,2.1
2025-03-04,BMT-20,30.05013,-94.07581,2.1
2025-03-04,BMT-21,30.05423,-94.0797,1.6
2025-03-04,BMT-21,30.05423,-94.0797,1.6
2025-03-04,BMT-22,30.05793,-94.07944,1.4
2025-03-04,BMT-22,30.05793,-94.07944,1.4
2025-03-04,BMT-23,30.0594,-94.0786,1.5
2025-03-04,BMT-23,30.0594,-94.0786,1.5
2025-03-04,BMT-24,30.06203,-94.0795,1.4
2025-03-04,BMT-24,30.06203,-94.0795,1.4
2025-03-04,BMT-25,30.06612,-94.07808,1.5
2025-03-04,BMT-25,30.06612,-94.07808,1.5
2025-03-04,BMT-26,30.06983,-94.07565,3.2
2025-03-04,BMT-26,30.06983,-94.07565,3.2
2025-03-04,BMT-27,30.07475,-94.07576,3.1
2025-03-04,BMT-27,30.07475,-94.07576,3.1
2025-03-18,BMT-01,30.07664,-94.07121,2.3
2025-03-18,BMT-02,30.07667,-94.06785,2.4
2025-03-18,BMT-03,30.07583,-94.06433,3.3
2025-03-18,BMT-04,30.07467,-94.06087,2.6
2025-03-18,BMT-05,30.07319,-94.05821,4.6
2025-03-18,BMT-06,30.07097,-94.05761,2.2
2025-03-18,BMT-07,30.06816,-94.058,2.1
2025-03-18,BMT-08,30.06701,-94.05709,1.4
2025-03-18,BMT-09,30.06896,-94.05434,0.9
2025-03-18,BMT-10,30.06711,-94.05172,0.8
2025-03-18,BMT-11,30.06474,-94.0527,1.0
2025-03-18,BMT-12,30.06382,-94.075473,0.9
2025-03-18,BMT-13,30.06308,-94.05812,1.6
2025-03-18,BMT-14,30.0609,-94.06012,1.4
2025-03-18,BMT-15,30.05644,-94.06226,0.9
2025-03-18,BMT-16,30.0564,-94.06921,1.0
2025-03-18,BMT-17,30.05087,-94.06865,1.1
2025-03-18,BMT-18,30.0468,-94.07106,1.5
2025-03-18,BMT-19,30.04831,-94.07391,0.9
2025-03-18,BMT-20,30.05013,-94.07581,1.0
2025-03-18,BMT-21,30.05423,-94.0797,0.8
2025-03-18,BMT-22,30.05793,-94.07944,0.9
2025-03-18,BMT-23,30.0594,-94.0786,0.8
2025-03-18,BMT-24,30.06203,-94.0795,0.7
2025-03-18,BMT-25,30.06612,-94.07808,1.0
2025-03-18,BMT-26,30.06983,-94.07565,8.9
2025-03-18,BMT-27,30.07475,-94.07576,1.1
2025-04-01,BMT-01,30.07664,-94.07121,2.7
2025-04-01,BMT-02,30.07667,-94.06785,2.4
2025-04-01,BMT-03,30.07583,-94.06433,2.7
2025-04-01,BMT-04,30.07467,-94.06087,3.8
2025-04-01,BMT-05,30.07319,-94.05821,3.1
2025-04-01,BMT-06,30.07097,-94.05761,1.1
2025-04-01,BMT-07,30.06816,-94.058,0.9
2025-04-01,BMT-08,30.06701,-94.05709,0.7
2025-04-01,BMT-09,30.06896,-94.05434,0.7
2025-04-01,BMT-10,30.06711,-94.05172,0.6
2025-04-01,BMT-11,30.06474,-94.0527,0.7
2025-04-01,BMT-12,30.06382,-94.075473,0.6
2025-04-01,BMT-13,30.06308,-94.05812,1.0
2025-04-01,BMT-14,30.0609,-94.06012,0.9
2025-04-01,BMT-15,30.05644,-94.06226,0.7
2025-04-01,BMT-16,30.0564,-94.06921,0.9
2025-04-01,BMT-17,30.05087,-94.06865,0.8
2025-04-01,BMT-18,30.0468,-94.07106,1.1
2025-04-01,BMT-19,30.04831,-94.07391,1.1
2025-04-01,BMT-20,30.05013,-94.07581,1.2
2025-04-01,BMT-21,30.05423,-94.0797,0.9
2025-04-01,BMT-22,30.05793,-94.07944,0.8
2025-04-01,BMT-23,30.0594,-94.0786,0.9
2025-04-01,BMT-24,30.06203,-94.0795,0.7
2025-04-01,BMT-25,30.06612,-94.07808,0.9
2025-04-01,BMT-26,30.06983,-94.07565,1.1
2025-04-01,BMT-27,30.07475,-94.07576,1.3
2025-04-15,BMT-01,30.07664,-94.07121,3.0
2025-04-15,BMT-02,30.07667,-94.06785,3.1
2025-04-15,BMT-03,30.07583,-94.06433,2.6
2025-04-15,BMT-04,30.07467,-94.06087,2.7
2025-04-15,BMT-05,30.07319,-94.05821,8.8
2025-04-15,BMT-06,30.07097,-94.05761,1.4
2025-04-15,BMT-07,30.06816,-94.058,0.7
2025-04-15,BMT-08,30.06701,-94.05709,0.7
2025-04-15,BMT-09,30.06896,-94.05434,0.6
2025-04-15,BMT-10,30.06711,-94.05172,0.5
2025-04-15,BMT-11,30.06474,-94.0527,0.6
2025-04-15,BMT-12,30.06382,-94.075473,0.5
2025-04-15,BMT-13,30.06308,-94.05812,0.8
2025-04-15,BMT-14,30.0609,-94.06012,1.0
2025-04-15,BMT-15,30.05644,-94.06226,0.7
2025-04-15,BMT-16,30.0564,-94.06921,0.8
2025-04-15,BMT-17,30.05087,-94.06865,0.7
2025-04-15,BMT-18,30.0468,-94.07106,1.3
2025-04-15,BMT-19,30.04831,-94.07391,0.7
2025-04-15,BMT-20,30.05013,-94.07581,0.7
2025-04-15,BMT-21,30.05423,-94.0797,0.6
2025-04-15,BMT-22,30.05793,-94.07944,0.7
2025-04-15,BMT-23,30.0594,-94.0786,0.7
2025-04-15,BMT-24,30.06203,-94.0795,0.7
2025-04-15,BMT-25,30.06612,-94.07808,0.9
2025-04-15,BMT-26,30.06983,-94.07565,0.6
2025-04-15,BMT-27,30.07475,-94.07576,1.0
2025-04-29,BMT-01,30.07664,-94.07121,210.0
2025-04-29,BMT-02,30.07667,-94.06785,3.3
2025-04-29,BMT-03,30.07583,-94.06433,4.7
2025-04-29,BMT-04,30.07467,-94.06087,19.0
2025-04-29,BMT-05,30.07319,-94.05821,1.0
2025-04-29,BMT-06,30.07097,-94.05761,0.6
2025-04-29,BMT-07,30.06816,-94.058,0.5
2025-04-29,BMT-08,30.06701,-94.05709,0.5
2025-04-29,BMT-09,30.06896,-94.05434,0.5
2025-04-29,BMT-10,30.06711,-94.05172,0.5
2025-04-29,BMT-11,30.06474,-94.0527,0.6
2025-04-29,BMT-12,30.06382,-94.075473,0.5
2025-04-29,BMT-13,30.06308,-94.05812,0.6
2025-04-29,BMT-14,30.0609,-94.06012,0.6
2025-04-29,BMT-15,30.05644,-94.06226,0.4
2025-04-29,BMT-16,30.0564,-94.06921,0.6
2025-04-29,BMT-17,30.05087,-94.06865,0.5
2025-04-29,BMT-18,30.0468,-94.07106,0.5
2025-04-29,BMT-19,30.04831,-94.07391,0.8
2025-04-29,BMT-20,30.05013,-94.07581,0.8
2025-04-29,BMT-21,30.05423,-94.0797,0.7
2025-04-29,BMT-22,30.05793,-94.07944,0.7
2025-04-29,BMT-23,30.0594,-94.0786,0.9
2025-04-29,BMT-24,30.06203,-94.0795,0.9
2025-04-29,BMT-25,30.06612,-94.07808,1.1
2025-04-29,BMT-26,30.06983,-94.07565,1.9
2025-04-29,BMT-27,30.07475,-94.07576,2.8
2025-05-13,BMT-01,30.07664,-94.07121,2.4
2025-05-13,BMT-02,30.07667,-94.06785,2.3
2025-05-13,BMT-03,30.07583,-94.06433,2.1
2025-05-13,BMT-04,30.07467,-94.06087,3.4
2025-05-13,BMT-05,30.07319,-94.05821,5.3
2025-05-13,BMT-06,30.07097,-94.05761,1.2
2025-05-13,BMT-07,30.06816,-94.058,0.7
2025-05-13,BMT-08,30.06701,-94.05709,0.6
2025-05-13,BMT-09,30.06896,-94.05434,0.6
2025-05-13,BMT-10,30.06711,-94.05172,0.5
2025-05-13,BMT-11,30.06474,-94.0527,0.5
2025-05-13,BMT-12,30.06382,-94.075473,0.5
2025-05-13,BMT-13,30.06308,-94.05812,0.8
2025-05-13,BMT-14,30.0609,-94.06012,0.9
2025-05-13,BMT-15,30.05644,-94.06226,0.7
2025-05-13,BMT-16,30.0564,-94.06921,0.9
2025-05-13,BMT-17,30.05087,-94.06865,0.8
2025-05-13,BMT-18,30.0468,-94.07106,0.8
2025-05-13,BMT-19,30.04831,-94.07391,0.9
2025-05-13,BMT-20,30.05013,-94.07581,0.1
2025-05-13,BMT-21,30.05423,-94.0797,0.2
2025-05-13,BMT-22,30.05793,-94.07944,0.7
2025-05-13,BMT-23,30.0594,-94.0786,0.8
2025-05-13,BMT-24,30.06203,-94.0795,0.8
2025-05-13,BMT-25,30.06612,-94.07808,0.9
2025-05-13,BMT-26,30.06983,-94.07565,1.4
2025-05-13,BMT-27,30.07475,-94.07576,1.2
2025-05-27,BMT-01,30.07664,-94.07121,4.4
2025-05-27,BMT-02,30.07667,-94.06785,3.7
2025-05-27,BMT-03,30.07583,-94.06433,1.2
2025-05-27,BMT-04,30.07467,-94.06087,2.0
2025-05-27,BMT-05,30.07319,-94.05821,0.7
2025-05-27,BMT-06,30.07097,-94.05761,0.6
2025-05-27,BMT-07,30.06816,-94.058,0.4
2025-05-27,BMT-08,30.06701,-94.05709,0.5
2025-05-27,BMT-09,30.06896,-94.05434,0.4
2025-05-27,BMT-10,30.06711,-94.05172,0.3
2025-05-27,BMT-11,30.06474,-94.0527,0.4
2025-05-27,BMT-12,30.06382,-94.075473,0.3
2025-05-27,BMT-13,30.06308,-94.05812,0.5
2025-05-27,BMT-14,30.0609,-94.06012,0.5
2025-05-27,BMT-15,30.05644,-94.06226,0.5
2025-05-27,BMT-16,30.0564,-94.06921,0.7
2025-05-27,BMT-17,30.05087,-94.06865,0.4
2025-05-27,BMT-18,30.0468,-94.07106,0.6
2025-05-27,BMT-19,30.04831,-94.07391,0.7
2025-05-27,BMT-20,30.05013,-94.07581,0.8
2025-05-27,BMT-21,30.05423,-94.0797,0.5
2025-05-27,BMT-22,30.05793,-94.07944,0.6
2025-05-27,BMT-23,30.0594,-94.0786,0.6
2025-05-27,BMT-24,30.06203,-94.0795,0.5
2025-05-27,BMT-25,30.06612,-94.07808,1.0
2025-05-27,BMT-26,30.06983,-94.07565,0.9
2025-05-27,BMT-27,30.07475,-94.07576,0.9
2025-06-10,BMT-01,30.07664,-94.07121,2.6
2025-06-10,BMT-02,30.07667,-94.06785,2.3
2025-06-10,BMT-03,30.07583,-94.06433,2.7
2025-06-10,BMT-04,30.07467,-94.06087,6.9
2025-06-10,BMT-05,30.07319,-94.05821,6.9
2025-06-10,BMT-06,30.07097,-94.05761,1.1
2025-06-10,BMT-07,30.06816,-94.058,0.6
2025-06-10,BMT-08,30.06701,-94.05709,0.5
2025-06-10,BMT-09,30.06896,-94.05434,0.5
2025-06-10,BMT-10,30.06711,-94.05172,0.7
2025-06-10,BMT-11,30.06474,-94.0527,0.5
2025-06-10,BMT-12,30.06382,-94.075473,0.6
2025-06-10,BMT-13,30.06308,-94.05812,0.6
2025-06-10,BMT-14,30.0609,-94.06012,0.6
2025-06-10,BMT-15,30.05644,-94.06226,0.5
2025-06-10,BMT-16,30.0564,-94.06921,0.9
2025-06-10,BMT-17,30.05087,-94.06865,0.6
2025-06-10,BMT-18,30.0468,-94.07106,0.6
2025-06-10,BMT-19,30.04831,-94.07391,0.8
2025-06-10,BMT-20,30.05013,-94.07581,0.8
2025-06-10,BMT-21,30.05423,-94.0797,0.6
2025-06-10,BMT-22,30.05793,-94.07944,0.8
2025-06-10,BMT-23,30.0594,-94.0786,0.8
2025-06-10,BMT-24,30.06203,-94.0795,0.7
2025-06-10,BMT-25,30.06612,-94.07808,0.8
2025-06-10,BMT-26,30.06983,-94.07565,0.8
2025-06-10,BMT-27,30.07475,-94.07576,1.0
2025-06-24,BMT-01,30.07664,-94.07121,3.3
2025-06-24,BMT-02,30.07667,-94.06785,2.9
2025-06-24,BMT-03,30.07583,-94.06433,3.7
2025-06-24,BMT-04,30.07467,-94.06087,26.0
2025-06-24,BMT-05,30.07319,-94.05821,1.3
2025-06-24,BMT-06,30.07097,-94.05761,0.8
2025-06-24,BMT-07,30.06816,-94.058,0.5
2025-06-24,BMT-08,30.06701,-94.05709,0.5
2025-06-24,BMT-09,30.06896,-94.05434,0.5
2025-06-24,BMT-10,30.06711,-94.05172,0.4
2025-06-24,BMT-11,30.06474,-94.0527,0.4
2025-06-24,BMT-12,30.06382,-94.075473,0.5
2025-06-24,BMT-13,30.06308,-94.05812,0.7
2025-06-24,BMT-14,30.0609,-94.06012,0.6
2025-06-24,BMT-15,30.05644,-94.06226,0.4
2025-06-24,BMT-16,30.0564,-94.06921,0.8
2025-06-24,BMT-17,30.05087,-94.06865,0.5
2025-06-24,BMT-18,30.0468,-94.07106,0.5
2025-06-24,BMT-19,30.04831,-94.07391,0.7
2025-06-24,BMT-20,30.05013,-94.07581,0.8
2025-06-24,BMT-21,30.05423,-94.0797,0.5
2025-06-24,BMT-22,30.05793,-94.07944,0.7
2025-06-24,BMT-23,30.0594,-94.0786,0.6
2025-06-24,BMT-24,30.06203,-94.0795,0.6
2025-06-24,BMT-25,30.06612,-94.07808,0.9
2025-06-24,BMT-26,30.06983,-94.07565,0.9
2025-06-24,BMT-27,30.07475,-94.07576,1.0
2025-07-08,BMT-01,30.07664,-94.07121,1.6
2025-07-08,BMT-02,30.07667,-94.06785,2.4
2025-07-08,BMT-03,30.07583,-94.06433,2.4
2025-07-08,BMT-04,30.07467,-94.06087,7.0
2025-07-08,BMT-05,30.07319,-94.05821,3.6
2025-07-08,BMT-06,30.07097,-94.05761,1.2
2025-07-08,BMT-07,30.06816,-94.058,0.7
2025-07-08,BMT-08,30.06701,-94.05709,0.7
2025-07-08,BMT-09,30.06896,-94.05434,0.6
2025-07-08,BMT-10,30.06711,-94.05172,0.8
2025-07-08,BMT-11,30.06474,-94.0527,0.6
2025-07-08,BMT-12,30.06382,-94.075473,0.6
2025-07-08,BMT-13,30.06308,-94.05812,0.6
2025-07-08,BMT-14,30.0609,-94.06012,0.7
2025-07-08,BMT-15,30.05644,-94.06226,0.5
2025-07-08,BMT-16,30.0564,-94.06921,0.8
2025-07-08,BMT-17,30.05087,-94.06865,0.6
2025-07-08,BMT-18,30.0468,-94.07106,0.6
2025-07-08,BMT-19,30.04831,-94.07391,0.8
2025-07-08,BMT-20,30.05013,-94.07581,0.8
2025-07-08,BMT-21,30.05423,-94.0797,0.6
2025-07-08,BMT-22,30.05793,-94.07944,0.7
2025-07-08,BMT-23,30.0594,-94.0786,0.7
2025-07-08,BMT-24,30.06203,-94.0795,0.6
2025-07-08,BMT-25,30.06612,-94.07808,0.8
2025-07-08,BMT-26,30.06983,-94.07565,1.0
2025-07-08,BMT-27,30.07475,-94.07576,0.7
,BMT-01,30.07664,-94.07121,
,BMT-01,30.07664,-94.07121,
,BMT-02,30.07667,-94.06785,10.0
,BMT-02,30.07667,-94.06785,17.0
,BMT-03,30.07583,-94.06433,
,BMT-03,30.07583,-94.06433,
,BMT-04,30.07467,-94.06087,
,BMT-04,30.07467,-94.06087,
,BMT-05,30.07319,-94.05821,
,BMT-05,30.07319,-94.05821,
,BMT-06,30.07097,-94.05761,
,BMT-06,30.07097,-94.05761,
,BMT-07,30.06816,-94.058,
,BMT-07,30.06816,-94.058,
,BMT-08,30.06701,-94.05709,
,BMT-08,30.06701,-94.05709,
,BMT-09,30.06896,-94.05434,
,BMT-09,30.06896,-94.05434,
,BMT-10,30.06711,-94.05172,
,BMT-10,30.06711,-94.05172,
,BMT-11,30.06474,-94.0527,
,BMT-11,30.06474,-94.0527,
,BMT-12,30.06382,-94.075473,
,BMT-12,30.06382,-94.075473,
,BMT-13,30.06308,-94.05812,
,BMT-13,30.06308,-94.05812,
,BMT-14,30.0609,-94.06012,
,BMT-14,30.0609,-94.06012,
,BMT-15,30.05644,-94.06226,
,BMT-15,30.05644,-94.06226,
,BMT-16,30.0564,-94.06921,
,BMT-16,30.0564,-94.06921,
,BMT-17,30.05087,-94.06865,
,BMT-17,30.05087,-94.06865,
,BMT-18,30.0468,-94.07106,
,BMT-18,30.0468,-94.07106,
,BMT-19,30.04831,-94.07391,
,BMT-19,30.04831,-94.07391,
,BMT-20,30.05013,-94.07581,
,BMT-20,30.05013,-94.07581,
,BMT-21,30.05423,-94.0797,
,BMT-21,30.05423,-94.0797,
,BMT-22,30.05793,-94.07944,
,BMT-22,30.05793,-94.07944,
,BMT-23,30.0594,-94.0786,
,BMT-23,30.0594,-94.0786,
,BMT-24,30.06203,-94.0795,
,BMT-24,30.06203,-94.0795,
,BMT-25,30.06612,-94.07808,
,BMT-25,30.06612,-94.07808,
,BMT-26,30.06983,-94.07565,
,BMT-26,30.06983,-94.07565,
,BMT-27,30.07475,-94.07576,
,BMT-27,30.07475,-94.07576,
