date,wind_speed,wind_direction_degrees
2/13/2018,4.25,81.7
2/14/2018,5.96,159.2
2/15/2018,6.77,180.4
2/16/2018,5.24,208.1
2/17/2018,4.39,210.6
2/18/2018,5.04,141.1
2/19/2018,8.04,154.2
2/20/2018,8.59,154.2
2/21/2018,6.81,160.2
2/22/2018,6.1,161
2/23/2018,6.09,151.2
2/24/2018,7.67,176
2/25/2018,3.8,144.3
2/26/2018,5.31,48.7
2/27/2018,7.04,137.2
2/28/2018,7.3,177.5
3/1/2018,6.11,1.8
3/2/2018,5.41,55
3/3/2018,5.9,95
3/4/2018,6.66,133.8
3/5/2018,6.18,195.3
3/6/2018,6.04,11.1
3/7/2018,5.86,348.9
3/8/2018,4.76,83.5
3/9/2018,6.51,153.7
3/10/2018,6.44,178.2
3/11/2018,5.92,316.7
3/12/2018,5.53,14
3/13/2018,3.73,30
3/14/2018,3.94,92.8
3/15/2018,6.05,166.3
3/16/2018,6.91,197.2
3/17/2018,4.9,181.3
3/18/2018,4.08,178.2
3/19/2018,6.39,282
3/20/2018,7.1,331.5
3/21/2018,3.24,39.2
3/22/2018,4.99,136.1
3/23/2018,7.66,173
3/24/2018,7.58,195.9
3/25/2018,5.85,167.4
3/26/2018,8.41,157.1
3/27/2018,7.97,153.2
3/28/2018,7.44,156.3
3/29/2018,4.1,209.8
3/30/2018,5.37,38.3
3/31/2018,5.82,149.2
4/1/2018,6.28,168.5
4/2/2018,6.4,169.6
4/3/2018,6.88,179.9
4/4/2018,7.58,35.9
4/5/2018,5.66,114.4
4/6/2018,7.08,179.5
4/7/2018,6.4,359.9
4/8/2018,3.1,66
4/9/2018,4.59,40.2
4/10/2018,5.73,21
4/11/2018,4.99,131
4/12/2018,7.66,164.3
4/13/2018,8.97,167.5
4/14/2018,7.17,313.8
4/15/2018,7.09,321
4/16/2018,3.46,183.3
4/17/2018,8.04,188.3
4/18/2018,5.15,215.9
4/19/2018,6.2,18.3
4/20/2018,5.54,82.9
4/21/2018,7.35,129.7
4/22/2018,6.71,307.7
4/23/2018,5.37,313.7
4/24/2018,2.94,337.3
4/25/2018,3.48,262.6
4/26/2018,4.99,346.3
4/27/2018,3.5,12.9
4/28/2018,2.6,178.5
4/29/2018,4.13,165.9
4/30/2018,5.52,144.4
5/1/2018,7.17,143.7
5/2/2018,8.23,151.8
5/3/2018,7.39,157.2
5/4/2018,4.14,166.5
5/5/2018,3.72,348.9
5/6/2018,2.52,14.4
5/7/2018,3.48,229.8
5/8/2018,4.78,220
5/9/2018,4.64,193.7
5/10/2018,5.2,169.2
5/11/2018,6.71,160.4
5/12/2018,6.1,154.3
5/13/2018,4.77,156.2
5/14/2018,4.16,179.7
5/15/2018,3.45,224.2
5/16/2018,4.77,238.7
5/17/2018,5.12,242.5
5/18/2018,5.56,203.7
5/19/2018,6.47,162
5/20/2018,4.79,152.2
5/21/2018,3.36,168.4
5/22/2018,2.82,152.9
5/23/2018,2.99,134.6
5/24/2018,3.21,100.9
5/25/2018,2.54,180.9
5/26/2018,3.27,203.3
5/27/2018,2.15,169.5
5/28/2018,2.64,276
5/29/2018,4.44,229.5
5/30/2018,5.26,186.1
5/31/2018,6.29,177.4
6/1/2018,5.52,185.9
6/2/2018,5.25,203.7
6/3/2018,3.02,243.7
6/4/2018,3.28,217.1
6/5/2018,3.94,209
6/6/2018,3.15,171.2
6/7/2018,3.89,152
6/8/2018,4.01,152.2
6/9/2018,3.8,174.9
6/10/2018,6.12,186.9
6/11/2018,6.22,182
6/12/2018,5.7,174.6
6/13/2018,4.23,173.8
6/14/2018,3.62,182
6/15/2018,4.87,165.1
6/16/2018,5.79,142.4
6/17/2018,7.52,125.7
6/18/2018,8.28,125.6
6/19/2018,6.77,124.6
6/20/2018,5.49,131.6
6/21/2018,3.7,175.9
6/22/2018,5.49,211.2
6/23/2018,6.33,185.5
6/24/2018,6.49,174.6
6/25/2018,5.65,164.2
6/26/2018,3.93,179
6/27/2018,4.09,199.1
6/28/2018,4.66,198.4
6/29/2018,4.79,190.8
6/30/2018,4.82,187.3
7/1/2018,4.37,197.2
7/2/2018,3.63,209
7/3/2018,3.45,226.1
7/4/2018,4.42,155.1
7/5/2018,2.58,55.4
7/6/2018,3.7,75.9
7/7/2018,2.14,103.2
7/8/2018,2.44,163.3
7/9/2018,2.5,195.7
7/10/2018,2.12,204.6
7/11/2018,2.9,232.2
7/12/2018,2.87,226.7
7/13/2018,3.12,202
7/14/2018,3.67,210.1
7/15/2018,4.02,220.6
7/16/2018,4.43,227
7/17/2018,4.86,232.2
7/18/2018,4.9,224.8
7/19/2018,4.71,227.5
7/20/2018,4.9,226.5
7/21/2018,5.15,229.3
7/22/2018,5.82,238.9
7/23/2018,4.94,245.2
7/24/2018,2.87,49
7/25/2018,2.96,56.8
7/26/2018,3.63,132.1
7/27/2018,3.46,194.8
7/28/2018,3.22,184.6
7/29/2018,2.49,179.7
7/30/2018,3.39,202.8
7/31/2018,2.86,254.6
8/1/2018,2.62,1.6
8/2/2018,3.17,60.6
8/3/2018,3.6,127
8/4/2018,4.11,157.1
8/5/2018,4.41,122.2
8/6/2018,4.47,144.2
8/7/2018,3.36,160.6
8/8/2018,3.8,178.3
8/9/2018,4.05,199
8/10/2018,4.18,209.7
8/11/2018,3.01,185.8
8/12/2018,4.29,171.8
8/13/2018,4.14,167.1
8/14/2018,4.43,168.5
8/15/2018,4.61,186.5
8/16/2018,4.03,202.3
8/17/2018,3.9,198.7
8/18/2018,4.54,210.9
8/19/2018,5.86,205.7
8/20/2018,5.46,214.2
8/21/2018,4.5,242.5
8/22/2018,3,354
8/23/2018,2.89,122.2
8/24/2018,3.28,161.1
8/25/2018,4.33,142.3
8/26/2018,3.78,148.5
8/27/2018,4.66,155.1
8/28/2018,4.48,159.6
8/29/2018,3.83,139.5
8/30/2018,4.15,109.6
8/31/2018,3.86,102.4
9/1/2018,3.93,106.5
9/2/2018,3.32,90.9
9/3/2018,4.75,131.9
9/4/2018,4.85,96.5
9/5/2018,3.76,112
9/6/2018,2.28,197
9/7/2018,3.19,212.9
9/8/2018,3.74,198.8
9/9/2018,1.82,228.3
9/10/2018,2.78,77
9/11/2018,4.14,94.9
9/12/2018,5.26,82.9
9/13/2018,5.44,71.6
9/14/2018,4.57,90.8
9/15/2018,3.53,114.2
9/16/2018,2.41,281.2
9/17/2018,3.26,277.4
9/18/2018,3.19,258.9
9/19/2018,3.11,212.6
9/20/2018,3.67,157.6
9/21/2018,4.88,154.8
9/22/2018,4.35,170.3
9/23/2018,4.36,192.7
9/24/2018,3.39,214.9
9/25/2018,4.02,177.5
9/26/2018,2.05,206.2
9/27/2018,3.34,345.5
9/28/2018,3.68,73.2
9/29/2018,4.2,89.5
9/30/2018,4.43,96.8
10/1/2018,3.95,90.7
10/2/2018,3.7,107.8
10/3/2018,3.51,138.2
10/4/2018,3.41,144.7
10/5/2018,4.93,134.7
10/6/2018,4.67,127
10/7/2018,6.01,128.5
10/8/2018,5.9,121.7
10/9/2018,5.17,112.9
10/10/2018,4.61,3.2
10/11/2018,5.29,23.9
10/12/2018,3.82,97.3
10/13/2018,6.33,154.5
10/14/2018,6.05,169.8
10/15/2018,4.57,56.9
10/16/2018,5.64,27.2
10/17/2018,5.81,25.3
10/18/2018,6.11,48.6
10/19/2018,4.52,82.6
10/20/2018,4.73,13.5
10/21/2018,6.32,40.2
10/22/2018,4.35,40.6
10/23/2018,5.61,28.3
10/24/2018,6.84,69.9
10/25/2018,5.44,307.6
10/26/2018,4.74,316.2
10/27/2018,3.76,237.1
10/28/2018,5.11,241
10/29/2018,4.83,213.4
10/30/2018,6.8,172.9
10/31/2018,7.13,171.4
11/1/2018,6.12,319.3
11/2/2018,4.42,281.3
11/3/2018,7.07,179.2
11/4/2018,5.06,105.6
11/5/2018,7,175.8
11/6/2018,3.95,182
11/7/2018,4.34,184.9
11/8/2018,3.23,51
11/9/2018,7.43,13.8
11/10/2018,4.98,31.3
11/11/2018,4.91,61.4
11/12/2018,6.83,0.4
11/13/2018,7.67,339.4
11/14/2018,5.75,328.1
11/15/2018,2.74,304.5
11/16/2018,3.05,194.5
11/17/2018,4.82,125.4
11/18/2018,3.11,103.9
11/19/2018,4.78,17.8
11/20/2018,5.9,18.5
11/21/2018,4.08,51.7
11/22/2018,3.58,73
11/23/2018,4.5,174.4
11/24/2018,3.76,171.5
11/25/2018,7.28,282.3
11/26/2018,6.91,343.2
11/27/2018,3.62,263
11/28/2018,5.78,178.7
11/29/2018,6.89,185.1
11/30/2018,6.91,157.7
12/1/2018,6.37,246.4
12/2/2018,4.94,327.2
12/3/2018,6.67,17.6
12/4/2018,5.72,15.7
12/5/2018,4.31,61.4
12/6/2018,5.48,110.4
12/7/2018,6.54,132.5
12/8/2018,6.93,301.6
12/9/2018,5.99,335.6
12/10/2018,4.17,334.1
12/11/2018,4.31,124.5
12/12/2018,6.79,147.7
12/13/2018,8.03,194.9
12/14/2018,7.65,276.7
12/15/2018,5.98,308.4
12/16/2018,2.88,40.6
12/17/2018,2.96,202.4
12/18/2018,4.16,110.8
12/19/2018,4.34,52.3
12/20/2018,9.15,316.8
12/21/2018,6.15,300.2
12/22/2018,6.93,188.1
12/23/2018,5.29,342.2
12/24/2018,5.15,101.4
12/25/2018,5.09,133.1
12/26/2018,9.34,122.4
12/27/2018,7.35,180.2
12/28/2018,5.95,24.3
12/29/2018,5.9,25.1
12/30/2018,2.81,13.7
12/31/2018,3.67,252.4
1/1/2019,5.01,24.1
1/2/2019,5.37,35.2
1/3/2019,6.1,331.8
1/4/2019,5.07,290.5
1/5/2019,2.88,206.3
1/6/2019,5.13,158.2
1/7/2019,6.02,183
1/8/2019,3.77,248.7
1/9/2019,6.01,25.3
1/10/2019,3.71,61.4
1/11/2019,5.44,112.2
1/12/2019,6.91,276.8
1/13/2019,5.39,359.1
1/14/2019,4.23,19.4
1/15/2019,2.56,76.7
1/16/2019,4.16,134.5
1/17/2019,5.47,231.7
1/18/2019,4.95,176.4
1/19/2019,10.82,304.2
1/20/2019,4.95,3.7
1/21/2019,6.27,129.6
1/22/2019,8.64,163.1
1/23/2019,7.39,316.6
1/24/2019,2.58,47.5
1/25/2019,3.47,114.4
1/26/2019,3.83,114.8
1/27/2019,3.21,334.4
1/28/2019,5.35,207.5
1/29/2019,7,15.9
1/30/2019,5.27,94.1
1/31/2019,6.45,107
2/1/2019,4.02,103.4
2/2/2019,4.33,106.5
2/3/2019,5.07,149.5
2/4/2019,4.8,175.7
2/5/2019,5.47,167.5
2/6/2019,6.75,167.9
2/7/2019,7.6,269.1
2/8/2019,7.62,19.8
2/9/2019,4.62,47.2
2/10/2019,5.64,109.4
2/11/2019,6.8,167.7
2/12/2019,7.48,324.1
2/13/2019,4.89,123.9
2/14/2019,7.57,195.4
2/15/2019,6.53,202.6
2/16/2019,3.98,143.3
2/17/2019,6.1,0.8
2/18/2019,7.9,46.4
2/19/2019,6.05,95.1
2/20/2019,5.1,350.6
2/21/2019,4.12,70.9
2/22/2019,5.36,145.6
2/23/2019,6.63,218
2/24/2019,6.2,12.8
2/25/2019,5.88,82.8
2/26/2019,5.15,83.6
2/27/2019,4.18,153.1
2/28/2019,3.35,321.6
3/1/2019,2.28,28.2
3/2/2019,3.72,74.4
3/3/2019,6.66,0.2
3/4/2019,6.35,4.4
3/5/2019,5.77,1.2
3/6/2019,5,97.8
3/7/2019,6.63,157.8
3/8/2019,7.4,183.3
3/9/2019,7.26,184.9
3/10/2019,3.93,136.9
3/11/2019,4.37,116.4
3/12/2019,6.5,117
3/13/2019,9.75,168.4
3/14/2019,6.54,318.1
3/15/2019,6.73,7.8
3/16/2019,4.16,28
3/17/2019,3.95,38.9
3/18/2019,4.59,73.5
3/19/2019,4.52,97.7
3/20/2019,3.02,130.9
3/21/2019,3.09,321.2
3/22/2019,4.05,216
3/23/2019,5.9,153.3
3/24/2019,5.68,168.8
3/25/2019,4.07,248.5
3/26/2019,5.34,27.9
3/27/2019,5.06,108.9
3/28/2019,6.54,156.1
3/29/2019,6.71,160.4
3/30/2019,6.41,237.4
3/31/2019,6.56,19
4/1/2019,4.7,26.4
4/2/2019,3.5,87.8
4/3/2019,5.9,124.2
4/4/2019,6.55,170.4
4/5/2019,3.51,112.1
4/6/2019,6.56,137.6
4/7/2019,6.44,156.5
4/8/2019,6.72,296.9
4/9/2019,3.78,306.5
4/10/2019,6.55,176.6
4/11/2019,6.79,182.5
4/12/2019,6.72,77.6
4/13/2019,9.45,183
4/14/2019,7.21,313.8
4/15/2019,5.32,160.9
4/16/2019,7.02,153.5
4/17/2019,7.46,148.2
4/18/2019,7.27,283.1
4/19/2019,8.04,316.9
4/20/2019,4.28,258.4
4/21/2019,6.59,162
4/22/2019,6.58,146.7
4/23/2019,5.83,134.7
4/24/2019,6.44,133.9
4/25/2019,6.2,298.3
4/26/2019,3.89,27.9
4/27/2019,5.77,180.8
4/28/2019,6.08,164.4
4/29/2019,7.75,153.2
4/30/2019,8.47,152
5/1/2019,7.56,151.1
5/2/2019,5.95,151.2
5/3/2019,5.2,146.5
5/4/2019,4.66,325
5/5/2019,3.92,112.9
5/6/2019,4.87,140.5
5/7/2019,6.67,137.1
5/8/2019,8.09,163.7
5/9/2019,5.38,151.3
5/10/2019,3.78,91
5/11/2019,4.54,55.9
5/12/2019,4.28,354.9
5/13/2019,4.5,71.6
5/14/2019,4.95,106.5
5/15/2019,4.35,126.7
5/16/2019,4.57,144
5/17/2019,6.49,150.1
5/18/2019,7.96,155.5
5/19/2019,5.71,173.6
5/20/2019,7.91,152.8
5/21/2019,9.87,168.2
5/22/2019,8.8,155.9
5/23/2019,7.9,146.1
5/24/2019,6.71,146.1
5/25/2019,6.2,151
5/26/2019,6.04,151.6
5/27/2019,6.66,171.6
5/28/2019,7.94,172.1
5/29/2019,7.07,161.6
5/30/2019,3.56,181
5/31/2019,1.35,145.5
6/1/2019,2.03,187.7
6/2/2019,2.54,191.4
6/3/2019,3.15,160.1
6/4/2019,4.01,152.7
6/5/2019,7.1,146.2
6/6/2019,4.75,242.9
6/7/2019,5.14,280.8
6/8/2019,3.12,334.4
6/9/2019,2.48,74.9
6/10/2019,5.23,8.8
6/11/2019,4.87,34.6
6/12/2019,2.47,57.8
6/13/2019,2.88,38.7
6/14/2019,4.66,154
6/15/2019,7.08,182.9
6/16/2019,6.19,162.3
6/17/2019,3.33,150.2
6/18/2019,3.3,221.6
6/19/2019,5.67,210
6/20/2019,6.24,195.8
6/21/2019,6.34,172.9
6/22/2019,7.27,169.7
6/23/2019,7.31,171.4
6/24/2019,4.49,157
6/25/2019,4.23,125.3
6/26/2019,5.25,133.8
6/27/2019,2.61,157.1
6/28/2019,1.69,193.6
6/29/2019,1.65,254.3
6/30/2019,3.55,203.9
7/1/2019,3.96,171.6
7/2/2019,4.21,164.4
7/3/2019,4.27,164.6
7/4/2019,5.36,169.4
7/5/2019,4.35,176.8
7/6/2019,3.28,202
7/7/2019,3.58,213
7/8/2019,4.11,212.6
7/9/2019,4.4,214.6
7/10/2019,2.35,267.3
7/11/2019,3.65,348.6
7/12/2019,6.39,7.6
7/13/2019,6.79,338.6
7/14/2019,6.5,228
7/15/2019,5.98,202
7/16/2019,5.71,181.6
7/17/2019,5.13,172.9
7/18/2019,5.1,178.2
7/19/2019,5.14,181.3
7/20/2019,4.61,178.9
7/21/2019,3.54,180.2
7/22/2019,3.71,223.7
7/23/2019,5.51,9.1
7/24/2019,5.78,42.4
7/25/2019,4.28,64.2
7/26/2019,4.82,85.4
7/27/2019,4.79,147.6
7/28/2019,4.78,186.4
7/29/2019,4.7,189.1
7/30/2019,3.92,220.1
7/31/2019,3.05,184.6
8/1/2019,2.36,156.4
8/2/2019,2.28,198.5
8/3/2019,2.81,228.4
8/4/2019,2.93,204.5
8/5/2019,3.21,193.9
8/6/2019,3.56,206.6
8/7/2019,4.67,210.9
8/8/2019,5.02,202.2
8/9/2019,4.99,201.9
8/10/2019,4.32,198.2
8/11/2019,4.01,203.1
8/12/2019,4.31,211.7
8/13/2019,3.9,218.5
8/14/2019,2.38,259.7
8/15/2019,2.11,106.6
8/16/2019,2.97,149.9
8/17/2019,4.84,183.9
8/18/2019,5.81,185.4
8/19/2019,4.3,190.8
8/20/2019,2.72,204.1
8/21/2019,3.49,186.5
8/22/2019,4.3,151.9
8/23/2019,4.43,153.9
8/24/2019,4.03,135.4
8/25/2019,3.27,232.8
8/26/2019,5.44,191.7
8/27/2019,4.02,182.5
8/28/2019,2.07,190
8/29/2019,2.62,133.9
8/30/2019,2.85,146.7
8/31/2019,2.09,109.8
9/1/2019,3.81,69.5
9/2/2019,4.23,59.3
9/3/2019,4.89,83.8
9/4/2019,4.74,93.9
9/5/2019,2.83,215.5
9/6/2019,3.57,226.9
9/7/2019,3.82,219.5
9/8/2019,3.76,201.6
9/9/2019,4.17,154.2
9/10/2019,4.89,138.1
9/11/2019,4.11,135.4
9/12/2019,4.65,122.6
9/13/2019,3.73,80.7
9/14/2019,4.97,87.3
9/15/2019,4.76,78.6
9/16/2019,6.09,81.8
9/17/2019,7.08,121
9/18/2019,8.77,177
9/19/2019,7.07,156.9
9/20/2019,6.29,131.8
9/21/2019,5.57,124.2
9/22/2019,5.58,138
9/23/2019,4.4,145.7
9/24/2019,4.29,144.7
9/25/2019,4.11,161.9
9/26/2019,2.93,149.8
9/27/2019,5.07,146.3
9/28/2019,5.99,142.5
9/29/2019,5.58,133.5
9/30/2019,5.68,133.6
10/1/2019,5.11,134.6
10/2/2019,3.59,121.5
10/3/2019,3.13,102.1
10/4/2019,2.54,54.3
10/5/2019,2.72,101.7
10/6/2019,3.3,123.8
10/7/2019,4.67,16.2
10/8/2019,3.53,35
10/9/2019,3.61,141.9
10/10/2019,5.96,157.9
10/11/2019,7.36,336.5
10/12/2019,5.44,14.3
10/13/2019,2.86,78.6
10/14/2019,4.41,124.5
10/15/2019,4.9,195.4
10/16/2019,5.38,4.3
10/17/2019,4.96,41.1
10/18/2019,3.13,71.1
10/19/2019,3.35,181.8
10/20/2019,5.89,186.4
10/21/2019,5.61,325.9
10/22/2019,5.31,31.4
10/23/2019,6.39,108.2
10/24/2019,6.26,98
10/25/2019,7.22,332.7
10/26/2019,5.14,291.8
10/27/2019,3.7,131.1
10/28/2019,4.75,98.6
10/29/2019,5.93,84.2
10/30/2019,5.06,308.2
10/31/2019,8.22,347.2
11/1/2019,2.97,47.9
11/2/2019,4.98,18.3
11/3/2019,4.45,93.3
11/4/2019,5.62,122.4
11/5/2019,4.18,113.2
11/6/2019,4.59,102.7
11/7/2019,3.96,14.8
11/8/2019,6.46,16.4
11/9/2019,2.99,43.7
11/10/2019,3.62,142.5
11/11/2019,5.77,270.2
11/12/2019,8.28,4.4
11/13/2019,2.85,58
11/14/2019,4.68,38
11/15/2019,4.55,10.7
11/16/2019,3.39,33.9
11/17/2019,2.31,25.1
11/18/2019,2.94,284.6
11/19/2019,3.36,194.7
11/20/2019,6.86,133.6
11/21/2019,6.54,140.2
11/22/2019,5.72,230.4
11/23/2019,5.37,342.6
11/24/2019,3.35,121.6
11/25/2019,6.37,182.2
11/26/2019,8.1,192.6
11/27/2019,7.02,25.1
11/28/2019,6.52,103.4
11/29/2019,6.63,130.3
11/30/2019,7.74,200.1
12/1/2019,6.87,328.8
12/2/2019,5.15,348.2
12/3/2019,3.41,163.6
12/4/2019,3.78,11.8
12/5/2019,4.87,135.6
12/6/2019,6.1,285.4
12/7/2019,4.73,37.6
12/8/2019,4.95,142.3
12/9/2019,6.81,200.8
12/10/2019,7.22,17.4
12/11/2019,6.47,35.7
12/12/2019,3.49,66.7
12/13/2019,4.6,228.6
12/14/2019,4.11,92.1
12/15/2019,7.98,175.6
12/16/2019,7.75,213.8
12/17/2019,7.7,351
12/18/2019,4.24,1
12/19/2019,4.08,96.6
12/20/2019,4.6,81.9
12/21/2019,4.25,15.1
12/22/2019,5.9,336.2
12/23/2019,4.57,331.2
12/24/2019,2.55,98.6
12/25/2019,2.7,153.1
12/26/2019,2.88,110.2
12/27/2019,4.44,97.5
12/28/2019,6.69,152.4
12/29/2019,7.02,255.8
12/30/2019,5.28,325.4
12/31/2019,2.98,353.2
1/1/2020,4.3,118.8
1/2/2020,4.37,189
1/3/2020,4.95,264.6
1/4/2020,4.07,321.3
1/5/2020,5.13,212.4
1/6/2020,5.4,215.1
1/7/2020,4.58,7
1/8/2020,5.91,127.3
1/9/2020,8.29,149.1
1/10/2020,8.6,147.9
1/11/2020,7.71,294.6
1/12/2020,3.25,78.9
1/13/2020,4.3,92.2
1/14/2020,5.68,171.9
1/15/2020,5.23,167.8
1/16/2020,4.31,103.8
1/17/2020,6.22,113.6
1/18/2020,5.57,179.4
1/19/2020,7.84,23.1
1/20/2020,5.61,21.9
1/21/2020,5.14,83
1/22/2020,7.37,112.6
1/23/2020,6.31,286.6
1/24/2020,3.66,324.6
1/25/2020,5.19,117.6
1/26/2020,3.86,61.9
1/27/2020,3.3,92
1/28/2020,6.11,126.6
1/29/2020,6.18,325
1/30/2020,3.66,35.3
1/31/2020,3.75,353.2
2/1/2020,4.58,283.5
2/2/2020,6.14,225.5
2/3/2020,7.75,176.2
2/4/2020,7.19,180.3
2/5/2020,5.04,298.3
2/6/2020,7.27,303.5
2/7/2020,5.6,214.6
2/8/2020,4.87,111.3
2/9/2020,7.73,140
2/10/2020,6.2,174.9
2/11/2020,4.08,50
2/12/2020,6.06,238.3
2/13/2020,6.13,2.2
2/14/2020,5.18,48.5
2/15/2020,5.08,104.1
2/16/2020,3.01,153.2
2/17/2020,6.18,164.5
2/18/2020,4.45,167.2
2/19/2020,4.77,41.1
2/20/2020,7.58,12.2
2/21/2020,6.3,26.4
2/22/2020,3.44,114.9
2/23/2020,5.91,143.8
2/24/2020,5.55,225.4
2/25/2020,4.08,338.9
2/26/2020,8.57,329.5
2/27/2020,3.63,315.3
2/28/2020,4.33,270.6
2/29/2020,4.81,182.3
3/1/2020,8.46,170.1
3/2/2020,6.05,178.2
3/3/2020,4.1,145.7
3/4/2020,4.04,135
3/5/2020,7.11,349.8
3/6/2020,6.22,24.3
3/7/2020,5.59,97.7
3/8/2020,6.71,128.2
3/9/2020,6.74,159.6
3/10/2020,3.26,183.7
3/11/2020,5.49,200
3/12/2020,6.45,187.6
3/13/2020,5.61,157
3/14/2020,5.86,151
3/15/2020,3.31,122.1
3/16/2020,3.95,121.4
3/17/2020,4.94,138.7
3/18/2020,6.55,156.8
3/19/2020,7.52,164.9
3/20/2020,4.83,112.4
3/21/2020,5.69,49
3/22/2020,5.59,149.7
3/23/2020,6.56,183.2
3/24/2020,7.45,201.5
3/25/2020,4.49,208.9
3/26/2020,6.48,176.7
3/27/2020,7.47,171.2
3/28/2020,5.9,190.1
3/29/2020,5.69,63.1
3/30/2020,6.77,140.2
3/31/2020,6.64,335.4
4/1/2020,5.52,113.8
4/2/2020,6.44,135.7
4/3/2020,5.44,123.6
4/4/2020,3.06,75.9
4/5/2020,4.41,77.1
4/6/2020,4.98,122.2
4/7/2020,5.09,188.3
4/8/2020,5.08,214.3
4/9/2020,3.35,233.4
4/10/2020,5.97,58.6
4/11/2020,6.35,119.5
4/12/2020,9.54,223
4/13/2020,5.53,356.7
4/14/2020,6.26,21.3
4/15/2020,5.67,35.5
4/16/2020,5.94,110.9
4/17/2020,4.71,146.8
4/18/2020,4.87,61.1
4/19/2020,5.85,202.2
4/20/2020,3.61,95.5
4/21/2020,4.41,131.2
4/22/2020,8.2,157.2
4/23/2020,6.24,317.3
4/24/2020,5.3,157.6
4/25/2020,5.92,352.2
4/26/2020,4.74,53.9
4/27/2020,7.17,146.1
4/28/2020,6.79,161.3
4/29/2020,6.81,311.2
4/30/2020,3.02,346.5
5/1/2020,5.38,176.3
5/2/2020,6.67,175.8
5/3/2020,6.13,183
5/4/2020,6.31,187.5
5/5/2020,4.25,213.6
5/6/2020,5.23,58.1
5/7/2020,6.32,140
5/8/2020,8.02,209.4
5/9/2020,6.35,60.8
5/10/2020,4.08,53.1
5/11/2020,5.4,112
5/12/2020,6.42,149.7
5/13/2020,6.07,146
5/14/2020,6.03,149.9
5/15/2020,5.08,137.5
5/16/2020,7.07,186.2
5/17/2020,5.96,291.6
5/18/2020,4.15,273.9
5/19/2020,5.88,221
5/20/2020,4.47,205.5
5/21/2020,5.2,160.3
5/22/2020,6.34,160.2
5/23/2020,6.21,154.9
5/24/2020,5.98,133.3
5/25/2020,4.53,156.2
5/26/2020,3.14,253.9
5/27/2020,3.06,236.2
5/28/2020,3.25,171.5
5/29/2020,3.09,20.2
5/30/2020,4.45,77.5
5/31/2020,4.3,77.9
6/1/2020,4.04,85.4
6/2/2020,4.07,116.5
6/3/2020,3.49,150.7
6/4/2020,3.32,180.5
6/5/2020,3.23,153.5
6/6/2020,5.43,39.3
6/7/2020,5.82,9.9
6/8/2020,6.33,239.6
6/9/2020,5.53,192.7
6/10/2020,5,352.2
6/11/2020,4.87,39.9
6/12/2020,6.15,48.7
6/13/2020,5.91,55.2
6/14/2020,4.7,102
6/15/2020,4.23,134.8
6/16/2020,2.85,176.4
6/17/2020,3.17,174.1
6/18/2020,4.76,169.3
6/19/2020,5.27,160
6/20/2020,4.82,179.9
6/21/2020,5.69,187.9
6/22/2020,5.74,182
6/23/2020,4.76,175.5
6/24/2020,4.94,162.7
6/25/2020,5.66,163
6/26/2020,5.44,158.9
6/27/2020,5.31,171
6/28/2020,6.47,171.7
6/29/2020,6.99,172.5
6/30/2020,6.47,181
7/1/2020,6.22,192.8
7/2/2020,4.57,212.1
7/3/2020,3.25,236
7/4/2020,3.07,226.5
7/5/2020,4.43,224.6
7/6/2020,4.31,195.3
7/7/2020,5.02,183.7
7/8/2020,5.63,195.7
7/9/2020,5.42,194.4
7/10/2020,3.92,208.8
7/11/2020,4.11,233.4
7/12/2020,4.5,235.6
7/13/2020,4.5,218.3
7/14/2020,5.42,201.4
7/15/2020,5.28,201.4
7/16/2020,3.45,208.6
7/17/2020,3.57,120
7/18/2020,4.01,137.5
7/19/2020,3.96,112.9
7/20/2020,5.53,88.1
7/21/2020,5.12,130.5
7/22/2020,3.76,130.9
7/23/2020,4.84,66.1
7/24/2020,8.42,72.1
7/25/2020,7.54,106
7/26/2020,5.59,108.6
7/27/2020,3.02,144.4
7/28/2020,3.62,202.4
7/29/2020,4.95,200.1
7/30/2020,5.57,201.6
7/31/2020,6.43,219.7
8/1/2020,3.16,241.5
8/2/2020,2.16,190.4
8/3/2020,3.51,238.3
8/4/2020,4.1,261.1
8/5/2020,2.43,210.9
8/6/2020,2.43,171.1
8/7/2020,2.89,160.1
8/8/2020,3.26,173.6
8/9/2020,4.15,200.2
8/10/2020,4.72,186.6
8/11/2020,4.82,186
8/12/2020,4.77,205.1
8/13/2020,4.47,212.2
8/14/2020,4.96,218.7
8/15/2020,4.23,221.2
8/16/2020,3.43,251.1
8/17/2020,3.77,8.1
8/18/2020,3.25,25.6
8/19/2020,3.17,19.3
8/20/2020,2.59,87.2
8/21/2020,2.46,190.9
8/22/2020,2.31,158.6
8/23/2020,4.28,69.8
8/24/2020,4.87,50.3
8/25/2020,5.42,44.7
8/26/2020,8.8,52.9
8/27/2020,7.53,255.2
8/28/2020,5.91,195.5
8/29/2020,4.57,189.5
8/30/2020,4.56,201.2
8/31/2020,6.16,179
9/1/2020,7.41,180.5
9/2/2020,7.3,189.5
9/3/2020,4.58,182.9
9/4/2020,3.43,111.8
9/5/2020,3.65,42.6
9/6/2020,2.83,86
9/7/2020,2.79,151.4
9/8/2020,4.19,138.3
9/9/2020,4.75,133.1
9/10/2020,3.02,60.5
9/11/2020,4.3,13.8
9/12/2020,4.16,40.6
9/13/2020,4.89,40.1
9/14/2020,5.81,27.5
9/15/2020,5.53,21
9/16/2020,4.54,14.8
9/17/2020,4.63,40.7
9/18/2020,5.99,37.3
9/19/2020,7.29,36.9
9/20/2020,9.29,36.1
9/21/2020,8.62,70.8
9/22/2020,6.46,101.1
9/23/2020,5.12,306.2
9/24/2020,3.87,333.7
9/25/2020,2.87,74.4
9/26/2020,3.45,159.7
9/27/2020,5.96,179.3
9/28/2020,7.18,341.1
9/29/2020,5.07,355.3
9/30/2020,2.95,236.3
10/1/2020,4.29,351.7
10/2/2020,4.85,33.7
10/3/2020,4.46,100.3
10/4/2020,3.73,47.6
10/5/2020,3.58,51.3
10/6/2020,4.82,43.7
10/7/2020,4.83,47.5
10/8/2020,5.63,48.7
10/9/2020,11.56,8.2
10/10/2020,5.07,273.6
10/11/2020,4.63,212.8
10/12/2020,4.35,233.4
10/13/2020,3.8,44.8
10/14/2020,4.1,136.1
10/15/2020,5.03,191.9
10/16/2020,6.95,37.1
10/17/2020,5.99,117.4
10/18/2020,6.28,156.1
10/19/2020,5.3,145.5
10/20/2020,4.05,121.1
10/21/2020,4.22,88.6
10/22/2020,4.71,113.7
10/23/2020,4.12,52.7
10/24/2020,4.83,4.6
10/25/2020,4.23,92.7
10/26/2020,5.66,104.1
10/27/2020,4.85,68.3
10/28/2020,5.65,326.7
10/29/2020,6.84,311.7
10/30/2020,4.6,33.3
10/31/2020,3.07,108.8
11/1/2020,5.78,15.1
11/2/2020,5.42,44.6
11/3/2020,4.18,93.4
11/4/2020,4.37,122.1
11/5/2020,4.28,110.2
11/6/2020,4.54,68.4
11/7/2020,4.64,77.6
11/8/2020,5.32,102
11/9/2020,5.63,121.6
11/10/2020,3.69,153.9
11/11/2020,4.53,22.8
11/12/2020,4.07,91.5
11/13/2020,4.79,105.8
11/14/2020,6.6,169.4
11/15/2020,7.34,13.9
11/16/2020,5.4,55.5
11/17/2020,5.69,58.5
11/18/2020,5.69,88.4
11/19/2020,5.77,122.7
11/20/2020,5.83,124.1
11/21/2020,4.93,106.4
11/22/2020,3.43,59.7
11/23/2020,4.8,69.1
11/24/2020,7.65,150.4
11/25/2020,5.28,310.8
11/26/2020,4.25,89
11/27/2020,4.99,165.6
11/28/2020,5.22,59.8
11/29/2020,7.2,342.2
11/30/2020,6.95,337.8
12/1/2020,4.85,136.4
12/2/2020,8.56,128
12/3/2020,6.53,337
12/4/2020,4.49,357.7
12/5/2020,2.98,43.4
12/6/2020,4.35,305
12/7/2020,4.61,342
12/8/2020,3.86,268.8
12/9/2020,4.93,237.6
12/10/2020,5.83,194.2
12/11/2020,7.06,168.8
12/12/2020,4.58,8.5
12/13/2020,8.21,74
12/14/2020,5.12,11.3
12/15/2020,4.81,67.5
12/16/2020,5.62,338
12/17/2020,3.04,41.9
12/18/2020,6.53,118.4
12/19/2020,5.8,103.4
12/20/2020,3.83,325.4
12/21/2020,2.88,197.2
12/22/2020,4.67,140.7
12/23/2020,7.83,193.1
12/24/2020,8.98,325
12/25/2020,4.25,317.3
12/26/2020,5.25,147.5
12/27/2020,6.78,161.7
12/28/2020,5.81,139.8
12/29/2020,7.32,123.3
12/30/2020,7.55,141.4
12/31/2020,8.41,156.7
1/1/2021,6.22,274.6
1/2/2021,4.16,319
1/3/2021,5.01,183.6
1/4/2021,3.7,228
1/5/2021,5.12,90.7
1/6/2021,6.82,141.6
1/7/2021,7.22,312.5
1/8/2021,5.09,357.8
1/9/2021,4.12,43.2
1/10/2021,6.28,43.7
1/11/2021,5.8,350.7
1/12/2021,2.71,340.1
1/13/2021,4.49,245.3
1/14/2021,7,252.2
1/15/2021,7.87,310.9
1/16/2021,4.78,301.5
1/17/2021,3.56,308.2
1/18/2021,6.07,134.5
1/19/2021,6.22,145.9
1/20/2021,4.7,111.7
1/21/2021,4.93,210.3
1/22/2021,2.73,262.1
1/23/2021,5,81.7
1/24/2021,6.82,153.5
1/25/2021,7,190.8
1/26/2021,5.67,57.9
1/27/2021,7.45,352.5
1/28/2021,4.84,40.1
1/29/2021,4.77,112.4
1/30/2021,8.31,179.5
1/31/2021,8.09,320.1
2/1/2021,5.94,348
2/2/2021,3.89,112.2
2/3/2021,5.48,143.4
2/4/2021,7.62,201.5
2/5/2021,6.25,53.3
2/6/2021,4.59,21.2
2/7/2021,4.98,93
2/8/2021,5.58,117
2/9/2021,2.75,119
2/10/2021,3.6,131.4
2/11/2021,6.01,1.2
2/12/2021,7.23,13.3
2/13/2021,6.54,13.2
2/14/2021,5.5,15.6
2/15/2021,7.66,330.6
2/16/2021,3.94,48.6
2/17/2021,6.6,36.8
2/18/2021,7.31,358.1
2/19/2021,4.88,3.3
2/20/2021,4.47,121.9
2/21/2021,6.31,158.8
2/22/2021,4.31,354.2
2/23/2021,4.8,174.2
2/24/2021,6.45,192.2
2/25/2021,5.19,163
2/26/2021,6.32,179.1
2/27/2021,6.73,159.2
2/28/2021,6.33,167.6
3/1/2021,5.25,39.9
3/2/2021,6.64,16.9
3/3/2021,3.37,89.7
3/4/2021,3.43,153.6
3/5/2021,4.45,131.9
3/6/2021,6.63,31.2
3/7/2021,5.27,82.7
3/8/2021,5.3,118.1
3/9/2021,7.03,141.6
3/10/2021,7.85,159.8
3/11/2021,6.79,151.4
3/12/2021,6.49,142.5
3/13/2021,7.23,140.9
3/14/2021,7.45,166.5
3/15/2021,4.97,195.7
3/16/2021,5.43,166.7
3/17/2021,7.39,232
3/18/2021,7.83,323.8
3/19/2021,5.39,3.4
3/20/2021,4.61,46.9
3/21/2021,4.4,116.1
3/22/2021,7.14,142.9
3/23/2021,4.22,180.9
3/24/2021,7.48,115
3/25/2021,5.63,286.5
3/26/2021,5.69,94.6
3/27/2021,6.43,168.5
3/28/2021,6,19.3
3/29/2021,5.04,105.6
3/30/2021,6.76,166.6
3/31/2021,6.29,52.3
4/1/2021,7,35.7
4/2/2021,5.75,93.2
4/3/2021,3.94,100.3
4/4/2021,4.81,117.7
4/5/2021,5.76,149.6
4/6/2021,7.63,165.3
4/7/2021,7.13,184.1
4/8/2021,3.83,163.2
4/9/2021,6.93,166.8
4/10/2021,4.74,352.3
4/11/2021,4.5,82.2
4/12/2021,5.71,134.8
4/13/2021,5.45,130
4/14/2021,4.36,164.5
4/15/2021,5.5,55.9
4/16/2021,5.11,92.8
4/17/2021,6.48,6.3
4/18/2021,5.58,358
4/19/2021,3.79,63
4/20/2021,2.85,266.9
4/21/2021,5.95,24.5
4/22/2021,5.95,99.5
4/23/2021,8.06,148.1
4/24/2021,6.54,296.2
4/25/2021,4.95,103.2
4/26/2021,6.47,150.6
4/27/2021,6.99,154.6
4/28/2021,9.32,156.4
4/29/2021,5.94,139.1
4/30/2021,4.69,81.9
5/1/2021,6.6,120.2
5/2/2021,7.92,189.6
5/3/2021,7.37,173.7
5/4/2021,4.59,181.1
5/5/2021,4.87,30.9
5/6/2021,4.62,50.1
5/7/2021,4.29,129.1
5/8/2021,7.92,170.4
5/9/2021,8.17,183.7
5/10/2021,5.36,168.3
5/11/2021,5.03,140.3
5/12/2021,4.54,18.8
5/13/2021,5.02,35.4
5/14/2021,4.75,91.2
5/15/2021,5.99,141.7
5/16/2021,6.84,149.9
5/17/2021,5.78,162.9
5/18/2021,6.76,128.8
5/19/2021,6.09,145.6
5/20/2021,6.97,126.6
5/21/2021,7.01,109
5/22/2021,7.33,118.3
5/23/2021,6.19,113.9
5/24/2021,6.63,133.3
5/25/2021,5.84,145
5/26/2021,4.79,171.4
5/27/2021,5.24,174.7
5/28/2021,3.43,194.1
5/29/2021,4.15,160.4
5/30/2021,5.27,88.5
5/31/2021,5.09,125.9
6/1/2021,4.74,184.3
6/2/2021,2.27,238.5
6/3/2021,2.41,169.4
6/4/2021,4.14,119
6/5/2021,4.69,156.8
6/6/2021,4.24,166
6/7/2021,7.05,166
6/8/2021,6.21,169.6
6/9/2021,5.55,176.4
6/10/2021,5.25,190.3
6/11/2021,5.29,194.7
6/12/2021,3.53,218.9
6/13/2021,3.83,261.3
6/14/2021,3.38,75.2
6/15/2021,2.04,126.4
6/16/2021,3.44,83.1
6/17/2021,4.65,77.8
6/18/2021,4.19,75.3
6/19/2021,3.38,198.4
6/20/2021,5.72,188.5
6/21/2021,6.44,170.6
6/22/2021,1.96,151.1
6/23/2021,4.31,158.7
6/24/2021,5.15,174.7
6/25/2021,5.43,175.2
6/26/2021,5.94,153
6/27/2021,5.89,117.4
6/28/2021,5.65,131.3
6/29/2021,5.15,126.6
6/30/2021,3.83,117.8
7/1/2021,2.44,172.3
7/2/2021,2.8,250.9
7/3/2021,2.47,8.9
7/4/2021,2.64,119.9
7/5/2021,2.79,127.4
7/6/2021,3.16,163.1
7/7/2021,4.42,152.5
7/8/2021,6.3,130.9
7/9/2021,5.54,138.7
7/10/2021,5.58,183
7/11/2021,5.48,204.8
7/12/2021,4.39,197.9
7/13/2021,3.26,144.2
7/14/2021,4.17,135.6
7/15/2021,4.6,169.1
7/16/2021,4.92,182.6
7/17/2021,4.22,165
7/18/2021,3.51,188.7
7/19/2021,3.07,230
7/20/2021,3.16,332.7
7/21/2021,2.99,255.7
7/22/2021,3.65,213
7/23/2021,4.5,208.3
7/24/2021,4.48,220.1
7/25/2021,3.71,242.9
7/26/2021,3.69,241
7/27/2021,2.87,228.7
7/28/2021,2.41,130.6
7/29/2021,3.04,155.4
7/30/2021,2.42,186.9
7/31/2021,3.58,223
8/1/2021,3.93,240.7
8/2/2021,3.9,272.4
8/3/2021,1.79,323.6
8/4/2021,4.45,61.7
8/5/2021,3.95,86
8/6/2021,2.86,118.4
8/7/2021,4.03,178.4
8/8/2021,5.75,183.1
8/9/2021,5.49,182.2
8/10/2021,4.76,166.8
8/11/2021,4.11,159.8
8/12/2021,3.39,158.7
8/13/2021,2.59,137.1
8/14/2021,2.68,115.7
8/15/2021,2.23,39.7
8/16/2021,2.1,148.5
8/17/2021,3.26,164.4
8/18/2021,5.18,158
8/19/2021,5.06,165.7
8/20/2021,5.14,170.3
8/21/2021,4.06,186.8
8/22/2021,3.02,208.2
8/23/2021,3.11,210.7
8/24/2021,2.96,212.2
8/25/2021,2.36,119.3
8/26/2021,4.17,82.3
8/27/2021,4.26,89.7
8/28/2021,4.41,90.7
8/29/2021,5.1,6.4
8/30/2021,4.51,291.9
8/31/2021,4.66,223.9
9/1/2021,3.52,200.6
9/2/2021,2.46,162.5
9/3/2021,2.89,160.2
9/4/2021,3.3,220
9/5/2021,4.44,234.9
9/6/2021,3.39,355.3
9/7/2021,3.4,47.5
9/8/2021,2.64,24.5
9/9/2021,4.16,37.1
9/10/2021,5.3,73
9/11/2021,4.95,88.7
9/12/2021,5.2,100.8
9/13/2021,7.67,100.3
9/14/2021,6.75,99.5
9/15/2021,5.58,358.4
9/16/2021,3.72,16.7
9/17/2021,3.06,251.6
9/18/2021,2.83,231.8
9/19/2021,2.37,177.8
9/20/2021,3.89,192.8
9/21/2021,4.33,248.5
9/22/2021,7.24,19.4
9/23/2021,3.84,73.2
9/24/2021,3.89,90.9
9/25/2021,3.76,77.2
9/26/2021,3.76,109.8
9/27/2021,4.45,123.8
9/28/2021,4.28,171.8
9/29/2021,4.56,162
9/30/2021,4.66,134.2
10/1/2021,4.43,109
10/2/2021,3.34,118
10/3/2021,1.17,48.2
10/4/2021,4.12,8.2
10/5/2021,3.67,18.1
10/6/2021,2.9,34.6
10/7/2021,1.96,120.9
10/8/2021,2.69,168
10/9/2021,4.44,172.1
10/10/2021,7.48,160.2
10/11/2021,4.26,194.2
10/12/2021,5.88,159.3
10/13/2021,6.82,162.8
10/14/2021,5.77,166.8
10/15/2021,4.75,223.3
10/16/2021,7.23,17.6
10/17/2021,3.71,41.1
10/18/2021,3.38,88.5
10/19/2021,4.75,107.1
10/20/2021,4.36,105.4
10/21/2021,2.31,108.4
10/22/2021,3.2,134.6
10/23/2021,5.4,144.5
10/24/2021,5.53,151.5
10/25/2021,3.12,208.2
10/26/2021,4.95,150.3
10/27/2021,8.09,220
10/28/2021,10.93,296.2
10/29/2021,8.65,310.8
10/30/2021,3.43,306.9
10/31/2021,2.38,98.7
11/1/2021,3.65,100.4
11/2/2021,3.77,89.8
11/3/2021,4.59,58.8
11/4/2021,5.61,19.8
11/5/2021,4.84,26.7
11/6/2021,4.06,53.7
11/7/2021,3.29,103.4
11/8/2021,3.47,129.8
11/9/2021,4.05,127.5
11/10/2021,6.11,150.2
11/11/2021,5.7,334.9
11/12/2021,4.8,13.5
11/13/2021,4.8,6
11/14/2021,3.72,186.8
11/15/2021,4.78,184.7
11/16/2021,6.9,173.9
11/17/2021,6.62,169
11/18/2021,5.78,24.2
11/19/2021,4.78,55
11/20/2021,4.32,133.2
11/21/2021,4.96,165
11/22/2021,5.88,6.9
11/23/2021,5.46,108.2
11/24/2021,7.32,146.8
11/25/2021,5.39,67.7
11/26/2021,5.19,19.3
11/27/2021,2.13,67.4
11/28/2021,4.22,11
11/29/2021,3.22,115.8
11/30/2021,3.58,156
12/1/2021,3.8,180.8
12/2/2021,3.55,201.9
12/3/2021,4.84,173.4
12/4/2021,4.54,174.4
12/5/2021,5.66,155.9
12/6/2021,6.49,189.7
12/7/2021,2.28,50.8
12/8/2021,3.01,84.5
12/9/2021,6.82,185.8
12/10/2021,8.36,185.4
12/11/2021,7.49,344.8
12/12/2021,4.34,53.3
12/13/2021,4.62,98
12/14/2021,6.18,136.9
12/15/2021,7.03,148.6
12/16/2021,5.77,158.9
12/17/2021,6.15,144.9
12/18/2021,6.12,149.6
12/19/2021,6.24,11.2
12/20/2021,4.24,25.5
12/21/2021,2.82,355.4
12/22/2021,3.7,140.8
12/23/2021,6.7,168.6
12/24/2021,8.14,191.6
12/25/2021,6.8,203
12/26/2021,6.6,187.9
12/27/2021,6.81,188.2
12/28/2021,7.67,187.4
12/29/2021,6.29,190.4
12/30/2021,3.67,179.1
12/31/2021,7.22,187.3
1/1/2022,8.64,199.3
1/2/2022,9.78,333.2
1/3/2022,4.11,9.1
1/4/2022,4.6,176
1/5/2022,4.86,197.2
1/6/2022,5.92,315
1/7/2022,5.14,68.2
1/8/2022,8.37,136.8
1/9/2022,6.32,231
1/10/2022,7.88,23.4
1/11/2022,4.93,40.5
1/12/2022,2.43,22.1
1/13/2022,4.03,281.6
1/14/2022,4.22,199.3
1/15/2022,9.98,308.1
1/16/2022,6.24,310.2
1/17/2022,3.3,278.4
1/18/2022,6.87,168.9
1/19/2022,6.99,190.4
1/20/2022,8.05,5.2
1/21/2022,6.17,27.6
1/22/2022,5.36,35.6
1/23/2022,3.55,157.6
1/24/2022,3.78,106.4
1/25/2022,5.46,22.1
1/26/2022,5.29,46
1/27/2022,3.76,44.1
1/28/2022,6.57,355.5
1/29/2022,4.35,220
1/30/2022,5.26,212.4
1/31/2022,7.25,126.2
2/1/2022,6.55,124.3
2/2/2022,4.72,131.2
2/3/2022,7.42,335.1
2/4/2022,7.36,339.1
2/5/2022,3.14,2.5
2/6/2022,2.06,117.8
2/7/2022,4.97,359
2/8/2022,4.02,3.4
2/9/2022,4.68,219
2/10/2022,3.45,197.6
2/11/2022,4.8,186.7
2/12/2022,5.91,356.7
2/13/2022,4.46,343.6
2/14/2022,4.55,200
2/15/2022,6.97,134.7
2/16/2022,8.51,153
2/17/2022,9.29,231.7
2/18/2022,6.17,8.3
2/19/2022,4.5,65.8
2/20/2022,4.38,129.2
2/21/2022,8.33,178.6
2/22/2022,6.47,179.4
2/23/2022,3.11,14
2/24/2022,3.88,338.7
2/25/2022,5.95,19
2/26/2022,4.07,26.2
2/27/2022,6.1,354.5
2/28/2022,3.01,15.9
3/1/2022,2.44,187.3
3/2/2022,3.47,175.1
3/3/2022,3.11,153.6
3/4/2022,5.6,140.7
3/5/2022,7.6,157.6
3/6/2022,7.87,154.8
3/7/2022,6.71,359.8
3/8/2022,4.85,7.1
3/9/2022,4.8,24.9
3/10/2022,3.81,96.1
3/11/2022,6.44,354.4
3/12/2022,6.42,15.2
3/13/2022,5.43,124.9
3/14/2022,7.18,143.7
3/15/2022,6.12,304.1
3/16/2022,3.97,219.3
3/17/2022,7.28,151.1
3/18/2022,7.98,306.4
3/19/2022,4.41,34.7
3/20/2022,5.88,118.8
3/21/2022,10.13,137.6
3/22/2022,7.91,241.3
3/23/2022,6.43,302.8
3/24/2022,5.64,265.7
3/25/2022,4.27,280.5
3/26/2022,4.73,188.9
3/27/2022,6.61,193.8
3/28/2022,7.05,185
3/29/2022,8.95,162.3
3/30/2022,9.71,209.7
3/31/2022,4.64,4.9
4/1/2022,5.5,92.1
4/2/2022,3.01,99.4
4/3/2022,4.79,132
4/4/2022,6.14,136.3
4/5/2022,5.32,197.5
4/6/2022,7.66,296.9
4/7/2022,8.3,332.9
4/8/2022,7.83,313.4
4/9/2022,4.67,203.3
4/10/2022,9.55,174.2
4/11/2022,7.44,158.5
4/12/2022,7.8,156.3
4/13/2022,7.75,175.3
4/14/2022,7.19,72
4/15/2022,6.71,145.2
4/16/2022,6.03,175.7
4/17/2022,5.04,190.9
4/18/2022,5.99,36.7
4/19/2022,7.53,108.5
4/20/2022,8.71,154.1
4/21/2022,7.3,139.3
4/22/2022,7.2,137.7
4/23/2022,7.95,150.6
4/24/2022,7.22,157.3
4/25/2022,4.54,145.8
4/26/2022,5.45,33.1
4/27/2022,4.71,101.8
4/28/2022,5.47,151.7
4/29/2022,6.66,160.4
4/30/2022,5.72,177.6
5/1/2022,3.95,163.6
5/2/2022,7.48,162.5
5/3/2022,6.17,166.5
5/4/2022,6.63,148
5/5/2022,6.93,163.1
5/6/2022,3.52,227.8
5/7/2022,3.94,183
5/8/2022,6.5,173.5
5/9/2022,7.3,158.4
5/10/2022,6.12,147.4
5/11/2022,4.47,148.8
5/12/2022,3.75,179.1
5/13/2022,4.53,199.2
5/14/2022,4.48,203.3
5/15/2022,4.36,216.9
5/16/2022,3.32,222.8
5/17/2022,4.33,197.4
5/18/2022,6.82,191
5/19/2022,7.7,180.6
5/20/2022,8.66,170.4
5/21/2022,7.21,151.5
5/22/2022,4.22,56.4
5/23/2022,4.05,62.2
5/24/2022,5.62,154.2
5/25/2022,4.64,229.4
5/26/2022,3.9,254.2
5/27/2022,5.6,299.6
5/28/2022,4.24,134.7
5/29/2022,6.49,174.3
5/30/2022,7.66,154.2
5/31/2022,6.35,145.3
6/1/2022,4.38,159.1
6/2/2022,2.39,277.6
6/3/2022,3.99,27.2
6/4/2022,3.02,83.4
6/5/2022,3.59,162.8
6/6/2022,6.81,181.1
6/7/2022,6.27,175.9
6/8/2022,5.36,186.2
6/9/2022,3.41,211
6/10/2022,4.75,223.1
6/11/2022,5.04,219.1
6/12/2022,6.24,205.8
6/13/2022,6.3,191.8
6/14/2022,5.95,174.7
6/15/2022,5.13,176
6/16/2022,3.17,183.4
6/17/2022,2.91,150.2
6/18/2022,2.96,184.5
6/19/2022,3.56,196.2
6/20/2022,3.52,118.8
6/21/2022,3.98,155
6/22/2022,2.55,179.2
6/23/2022,3.52,221.2
6/24/2022,4.09,209.6
6/25/2022,4.15,203.4
6/26/2022,3.2,231.4
6/27/2022,4.02,26.6
6/28/2022,4.01,65.3
6/29/2022,3.68,96.1
6/30/2022,4.51,120
7/1/2022,5.49,177.6
7/2/2022,5.42,188.5
7/3/2022,4.62,184.5
7/4/2022,4.59,187.1
7/5/2022,4.51,187.3
7/6/2022,4.2,185.9
7/7/2022,4.17,192.3
7/8/2022,4.21,206.1
7/9/2022,4.27,220.7
7/10/2022,5.3,222.8
7/11/2022,5.04,213.2
7/12/2022,3.95,213.4
7/13/2022,3.4,190.5
7/14/2022,2.97,157.1
7/15/2022,4.04,180.1
7/16/2022,3.6,200.7
7/17/2022,4.26,212.5
7/18/2022,5.38,208.5
7/19/2022,6.57,203
7/20/2022,6.26,202.5
7/21/2022,4.25,199.6
7/22/2022,3.38,173.4
7/23/2022,4.66,160.9
7/24/2022,4.65,184
7/25/2022,4.11,174.6
7/26/2022,4.77,171.9
7/27/2022,4.16,177.6
7/28/2022,4.58,183.2
7/29/2022,4.91,189.7
7/30/2022,4.44,181.4
7/31/2022,4.92,153.3
8/1/2022,5.25,182.7
8/2/2022,5.04,192
8/3/2022,5.5,197.8
8/4/2022,4.47,187.6
8/5/2022,3.13,145.4
8/6/2022,4.32,149.5
8/7/2022,4.5,142.1
8/8/2022,3.74,139.3
8/9/2022,3.77,154.2
8/10/2022,2.67,140.7
8/11/2022,2.43,112.1
8/12/2022,3.86,82.4
8/13/2022,5.06,90.5
8/14/2022,4.88,164
8/15/2022,3.49,169.1
8/16/2022,3.53,193.9
8/17/2022,4.4,219.4
8/18/2022,3.37,233.3
8/19/2022,2.34,196.3
8/20/2022,4.43,168.9
8/21/2022,5.08,168.9
8/22/2022,6.13,184.8
8/23/2022,4.5,217
8/24/2022,3.76,239.6
8/25/2022,2.64,226.9
8/26/2022,2.97,195.2
8/27/2022,3.84,186.3
8/28/2022,5.26,154.1
8/29/2022,5.47,151.1
8/30/2022,3.25,114.7
8/31/2022,2.71,66.2
9/1/2022,1.83,12.8
9/2/2022,2.34,131.7
9/3/2022,2,198.2
9/4/2022,2.5,283
9/5/2022,3.54,226.6
9/6/2022,3.09,208.5
9/7/2022,2.23,202.3
9/8/2022,3.37,43
9/9/2022,2.86,75.4
9/10/2022,2.32,59.8
9/11/2022,2.75,346.8
9/12/2022,3.92,18.4
9/13/2022,3.99,72.1
9/14/2022,4.8,80.3
9/15/2022,5.06,91.1
9/16/2022,4.62,118.8
9/17/2022,4.55,128.2
9/18/2022,3.66,126.1
9/19/2022,3.25,136.2
9/20/2022,2.77,149.5
9/21/2022,3.26,233.6
9/22/2022,3.62,3.2
9/23/2022,3.61,124.4
9/24/2022,3.3,186.4
9/25/2022,2.73,233.7
9/26/2022,4.98,3.5
9/27/2022,5.95,41.5
9/28/2022,5.95,53.3
9/29/2022,6.33,38.3
9/30/2022,5.01,40.4
10/1/2022,3.53,49.9
10/2/2022,3.83,40.5
10/3/2022,3.38,48.8
10/4/2022,3.5,81.9
10/5/2022,3.03,99.3
10/6/2022,2.56,125
10/7/2022,2.99,331.8
10/8/2022,5.38,58
10/9/2022,4.15,85.8
10/10/2022,4.45,107.4
10/11/2022,4.96,125.5
10/12/2022,4.77,181.1
10/13/2022,2.97,26
10/14/2022,4.38,109
10/15/2022,4.75,160.7
10/16/2022,4.15,154.1
10/17/2022,5.59,10.3
10/18/2022,6.35,7.7
10/19/2022,3.42,23.2
10/20/2022,5.06,219.2
10/21/2022,6.31,207.5
10/22/2022,7.83,180.4
10/23/2022,7.77,162.3
10/24/2022,8.2,166.3
10/25/2022,7.17,312.1
10/26/2022,3.06,48
10/27/2022,4.42,99.1
10/28/2022,7.39,105.1
10/29/2022,5.51,277.3
10/30/2022,4.29,276.9
10/31/2022,2.43,123.1
11/1/2022,3.44,96.3
11/2/2022,4.73,90.2
11/3/2022,5.84,133.2
11/4/2022,7.43,151.4
11/5/2022,3.98,81.8
11/6/2022,4.99,153.6
11/7/2022,4.26,107.7
11/8/2022,4.49,96.4
11/9/2022,3.73,121.5
11/10/2022,3.55,134.8
11/11/2022,4.16,219.7
11/12/2022,7.55,355.1
11/13/2022,4.8,44.6
11/14/2022,6.66,77.1
11/15/2022,6.54,353.1
11/16/2022,5.21,18.7
11/17/2022,4.57,36
11/18/2022,5.07,69
11/19/2022,5.61,33.6
11/20/2022,5.59,27.5
11/21/2022,4.09,34.9
11/22/2022,3.83,45.4
11/23/2022,4.48,95.6
11/24/2022,6.12,96.7
11/25/2022,6.01,42.1
11/26/2022,7.75,215.8
11/27/2022,5.81,244.9
11/28/2022,4.31,97
11/29/2022,7.78,186.5
11/30/2022,7.8,14.3
12/1/2022,5.8,80.7
12/2/2022,6.43,143.1
12/3/2022,3.33,249.9
12/4/2022,2.89,107.7
12/5/2022,6.1,186
12/6/2022,6.4,187.9
12/7/2022,5.2,168.7
12/8/2022,4.75,169.6
12/9/2022,4.25,171.3
12/10/2022,4.87,156.6
12/11/2022,3.56,84.8
12/12/2022,5.53,101.2
12/13/2022,8.26,156.7
12/14/2022,6.06,321.9
12/15/2022,2.43,10.7
12/16/2022,5,68.8
12/17/2022,5.25,7.7
12/18/2022,5.72,59.2
12/19/2022,7.19,66
12/20/2022,6.42,12.4
12/21/2022,2.52,13
12/22/2022,6.26,332.1
12/23/2022,8.3,351.9
12/24/2022,4.33,4.5
12/25/2022,3,17.8
12/26/2022,2.53,319.9
12/27/2022,3.96,31.9
12/28/2022,6.48,150.6
12/29/2022,7.97,158.4
12/30/2022,4.15,35.9
12/31/2022,3.57,206.6
1/1/2023,5.91,164.6
1/2/2023,8.44,161.7
1/3/2023,6.05,242.7
1/4/2023,4.35,306
1/5/2023,2.75,62.6
1/6/2023,5.86,136.1
1/7/2023,5.82,162.7
1/8/2023,5.53,8.4
1/9/2023,4.51,94.2
1/10/2023,5.32,194.3
1/11/2023,7.6,207.8
1/12/2023,8.64,309.9
1/13/2023,6.37,352.4
1/14/2023,4.97,110.3
1/15/2023,7.92,155.1
1/16/2023,6.93,181.9
1/17/2023,5.24,184.2
1/18/2023,6.95,178.2
1/19/2023,5.81,339.3
1/20/2023,5.65,49.8
1/21/2023,5.17,56.9
1/22/2023,5.97,327.2
1/23/2023,5.32,63.8
1/24/2023,9.73,141.5
1/25/2023,6.26,317.1
1/26/2023,3.97,340.5
1/27/2023,3.65,123.4
1/28/2023,8.05,145.9
1/29/2023,6.01,195
1/30/2023,4.31,358.5
1/31/2023,4.81,358.2
2/1/2023,4.28,18
2/2/2023,4.71,350.7
2/3/2023,5.29,17.9
2/4/2023,4.64,114.1
2/5/2023,4.46,154.2
2/6/2023,6.81,148.4
2/7/2023,6.83,129.1
2/8/2023,6.98,186.6
2/9/2023,2.28,156.3
2/10/2023,5.29,336.4
2/11/2023,6.41,319.4
2/12/2023,3.72,251.5
2/13/2023,4.06,171.9
2/14/2023,8.23,185.1
2/15/2023,6.79,165
2/16/2023,7.34,329
2/17/2023,7.48,359.2
2/18/2023,4.26,93.6
2/19/2023,4.43,176
2/20/2023,7.32,216.2
2/21/2023,7.39,195.9
2/22/2023,8.92,181.6
2/23/2023,5,155.3
2/24/2023,4.93,134.2
2/25/2023,4.62,157.4
2/26/2023,6.76,161.8
2/27/2023,6.9,226.8
2/28/2023,4.93,198.6
3/1/2023,7.1,172.5
3/2/2023,8.18,156.1
3/3/2023,7.47,294.8
3/4/2023,3.44,85.7
3/5/2023,4.57,128.7
3/6/2023,4.1,181
3/7/2023,4.17,173.8
3/8/2023,3.9,171.5
3/9/2023,4.77,178.9
3/10/2023,2.69,300.2
3/11/2023,7.02,183.6
3/12/2023,7.36,268.2
3/13/2023,6.76,36.7
3/14/2023,5.85,56.6
3/15/2023,5.69,108.9
3/16/2023,9.01,164.9
3/17/2023,7.86,343.5
3/18/2023,6.45,11.6
3/19/2023,5.82,10.6
3/20/2023,5.5,110.2
3/21/2023,8.08,144.3
3/22/2023,7.29,163.9
3/23/2023,7.25,157.7
3/24/2023,8.63,184.5
3/25/2023,3.9,253.4
3/26/2023,4.2,159
3/27/2023,4.12,74.1
3/28/2023,6.82,18.9
3/29/2023,5.4,70.3
3/30/2023,7.21,131.2
3/31/2023,7.78,179.5
4/1/2023,3.89,348.4
4/2/2023,5.94,150.2
4/3/2023,6.9,186.3
4/4/2023,8.79,166.9
4/5/2023,5.87,167.4
4/6/2023,6.43,38.6
4/7/2023,5.63,28.7
4/8/2023,4.51,17.1
4/9/2023,4.1,50.9
4/10/2023,4.11,56.6
4/11/2023,4.9,58.2
4/12/2023,4.8,56.2
4/13/2023,3.5,133.8
4/14/2023,5.86,167.5
4/15/2023,5.08,177.7
4/16/2023,6.82,1.8
4/17/2023,4.56,109.5
4/18/2023,6.23,154
4/19/2023,6.64,147.1
4/20/2023,6.64,141.2
4/21/2023,4.06,154.7
4/22/2023,5.62,87.4
4/23/2023,6.15,52.5
4/24/2023,5.47,62.4
4/25/2023,5.23,94.8
4/26/2023,5.35,120.9
4/27/2023,4.68,277.9
4/28/2023,3.86,125.6
4/29/2023,7.63,312.3
4/30/2023,5.09,248.1
5/1/2023,3.3,193
5/2/2023,2.97,131.1
5/3/2023,3.44,131.8
5/4/2023,4,146.9
5/5/2023,5.46,172.5
5/6/2023,5.89,147.1
5/7/2023,5.72,149.8
5/8/2023,5.83,151.9
5/9/2023,4.83,141
5/10/2023,5.18,150.2
5/11/2023,6.01,147.1
5/12/2023,6.26,138
5/13/2023,6.06,130.2
5/14/2023,5.3,132.1
5/15/2023,2.46,149.9
5/16/2023,3.21,283.9
5/17/2023,3.24,335.3
5/18/2023,2.26,36.6
5/19/2023,3.54,219.4
5/20/2023,3.85,303.2
5/21/2023,3.83,20.6
5/22/2023,2.32,20.4
5/23/2023,1.18,32.2
5/24/2023,2.25,46.7
5/25/2023,4,53.2
5/26/2023,3.59,61.4
5/27/2023,2.94,126.8
5/28/2023,3.09,146.2
5/29/2023,3.04,152.5
5/30/2023,2.94,134.9
5/31/2023,2.72,152.7
6/1/2023,3.27,163.3
6/2/2023,2.71,180.1
6/3/2023,2.11,249
6/4/2023,1.57,28.3
6/5/2023,2.08,99.5
6/6/2023,2.62,127.4
6/7/2023,2.3,259.1
6/8/2023,3.53,281
6/9/2023,3.44,229.4
6/10/2023,4.38,195
6/11/2023,4.91,194.3
6/12/2023,4.73,200
6/13/2023,5.63,182
6/14/2023,6.09,198.5
6/15/2023,5.86,203.2
6/16/2023,6.09,190.4
6/17/2023,4.81,207
6/18/2023,6.33,199.6
6/19/2023,5.66,206
6/20/2023,5.14,200.2
6/21/2023,3.5,207.1
6/22/2023,3,147.4
6/23/2023,3.2,154.2
6/24/2023,4.54,190.2
6/25/2023,5.7,204.9
6/26/2023,5.21,205.4
6/27/2023,5,208.2
6/28/2023,4.54,200.5
6/29/2023,4.31,193.6
6/30/2023,4.18,182
7/1/2023,3.68,185.8
7/2/2023,3.56,189
7/3/2023,3.61,182.5
7/4/2023,4.21,193.2
7/5/2023,3.88,171.3
7/6/2023,4.03,184.1
7/7/2023,4.29,161.6
7/8/2023,4.33,189.6
7/9/2023,5.72,208
7/10/2023,4.78,212
7/11/2023,5.25,211.7
7/12/2023,5.75,200.7
7/13/2023,5.9,203.6
7/14/2023,5.51,202.3
7/15/2023,5.23,211.6
7/16/2023,4.23,215.8
7/17/2023,3.9,198
7/18/2023,4.83,203.7
7/19/2023,4.64,189.2
7/20/2023,4.07,192.3
7/21/2023,4.13,202.9
7/22/2023,3.52,231.9
7/23/2023,2.36,200.2
7/24/2023,3.18,154.9
7/25/2023,3.48,174
7/26/2023,3.4,167.6
7/27/2023,3.32,158.1
7/28/2023,3.32,165.3
7/29/2023,3.19,201.3
7/30/2023,3.2,215.6
7/31/2023,3.21,223.8
8/1/2023,3.03,200
8/2/2023,3.67,166.5
8/3/2023,3.78,190.5
8/4/2023,4.24,201.9
8/5/2023,4.52,204.2
8/6/2023,4.89,200.6
8/7/2023,5.22,204.4
8/8/2023,5.21,202
8/9/2023,6.63,200.7
8/10/2023,6.66,203.6
8/11/2023,6,198.6
8/12/2023,5.22,198.1
8/13/2023,4.75,199.2
8/14/2023,4.22,215.7
8/15/2023,2.71,288.8
8/16/2023,3.52,86.7
8/17/2023,3.54,200.2
8/18/2023,4.1,204.1
8/19/2023,3.8,214
8/20/2023,3.89,207.2
8/21/2023,4.8,102.4
8/22/2023,6.2,109.1
8/23/2023,3.06,162.7
8/24/2023,4.13,202.4
8/25/2023,3.75,145.6
8/26/2023,3,192.2
8/27/2023,3.77,280.5
8/28/2023,3.52,25.9
8/29/2023,5.53,17.4
8/30/2023,4.4,21
8/31/2023,3.19,59.9
9/1/2023,2.93,81.5
9/2/2023,3.31,108.9
9/3/2023,3.5,179
9/4/2023,5.09,171.2
9/5/2023,5.18,170.4
9/6/2023,2.99,181.5
9/7/2023,3.64,210.5
9/8/2023,3.26,215
9/9/2023,3.44,34.6
9/10/2023,4.05,47.2
9/11/2023,3.49,111.1
9/12/2023,2.65,193.3
9/13/2023,2.57,330.5
9/14/2023,2.71,108.9
9/15/2023,2.19,87.9
9/16/2023,2.61,339.9
9/17/2023,3.26,16.6
9/18/2023,3.86,115.1
9/19/2023,4.51,142.2
9/20/2023,5.45,139.1
9/21/2023,4.29,135.8
9/22/2023,4.27,155.2
9/23/2023,4.11,174.3
9/24/2023,5.11,196.4
9/25/2023,2.32,189.6
9/26/2023,2.34,138
9/27/2023,2.33,158.3
9/28/2023,2.94,91.5
9/29/2023,4.9,102.6
9/30/2023,5.35,98.3
10/1/2023,5.45,97.8
10/2/2023,5.89,98.6
10/3/2023,6.71,109.9
10/4/2023,6.74,141.6
10/5/2023,4.84,89.4
10/6/2023,5.85,17.4
10/7/2023,6.2,10.3
10/8/2023,3.47,1.7
10/9/2023,3.16,206.1
10/10/2023,3.9,134
10/11/2023,5.69,68.3
10/12/2023,4.22,108.3
10/13/2023,3.57,159.1
10/14/2023,6.77,342.9
10/15/2023,6.69,343.4
10/16/2023,5.69,353
10/17/2023,3.36,144
10/18/2023,4.66,166.4
10/19/2023,3.72,212.8
10/20/2023,4.5,252.2
10/21/2023,4.01,207.4
10/22/2023,4.45,158.7
10/23/2023,6.28,134.8
10/24/2023,7.44,134.2
10/25/2023,6.74,125.6
10/26/2023,6.18,130.6
10/27/2023,4.42,134
10/28/2023,4.79,134.9
10/29/2023,4.49,151.3
10/30/2023,8.09,355.9
10/31/2023,7.2,1.3
11/1/2023,4.85,21.3
11/2/2023,3.84,89.8
11/3/2023,3.78,115.1
11/4/2023,4.37,132.7
11/5/2023,3.68,155.5
11/6/2023,4.73,177.3
11/7/2023,5.88,185.3
11/8/2023,5.62,171.2
11/9/2023,4.28,151.4
11/10/2023,3.92,43.6
11/11/2023,3.93,21.9
11/12/2023,4.28,25.7
11/13/2023,5.8,39
11/14/2023,4.91,19.8
11/15/2023,4.84,12.4
11/16/2023,3.01,48
11/17/2023,2.39,248.4
11/18/2023,4.01,18.1
11/19/2023,4.54,119.9
11/20/2023,7.07,186.7
11/21/2023,7.9,335.7
11/22/2023,4.27,334.3
11/23/2023,2.11,104.6
11/24/2023,4.25,55.5
11/25/2023,5.01,79.3
11/26/2023,6.22,347
11/27/2023,5.16,9.2
11/28/2023,3.35,51.3
11/29/2023,4,111.3
11/30/2023,7.83,142.5
12/1/2023,2.98,264
12/2/2023,4.63,358.1
12/3/2023,4.31,261.8
12/4/2023,5.02,341.6
12/5/2023,3.55,25
12/6/2023,4.31,54.7
12/7/2023,4.95,134.7
12/8/2023,7.33,163.4
12/9/2023,6.46,225.3
12/10/2023,6.49,339.7
12/11/2023,3.56,103.6
12/12/2023,5.68,92.8
12/13/2023,5.85,66.8
12/14/2023,6.53,78.4
12/15/2023,6.32,93.6
12/16/2023,5.61,346.5
12/17/2023,3.72,320.2
12/18/2023,5.08,343.1
12/19/2023,5.69,82
12/20/2023,6.04,100.7
12/21/2023,5.18,101.3
12/22/2023,4.57,109.6
12/23/2023,6.71,115
12/24/2023,6.11,153.9
12/25/2023,6.17,320.9
12/26/2023,3.31,72.1
12/27/2023,4.23,321.2
12/28/2023,5.45,337.2
12/29/2023,5.61,302.1
12/30/2023,3.77,270
12/31/2023,4.08,193.5
1/1/2024,4.97,14.8
1/2/2024,5.52,73.8
1/3/2024,5.29,11.3
1/4/2024,6.04,86
1/5/2024,5.75,24.6
1/6/2024,2.42,323.2
1/7/2024,4.53,98.4
1/8/2024,9.49,160
1/9/2024,9.29,296.2
1/10/2024,5.72,196.3
1/11/2024,7.36,176.6
1/12/2024,9.97,290.7
1/13/2024,4.21,155.1
1/14/2024,3.85,25.5
1/15/2024,6.58,359.3
1/16/2024,7.16,357.4
1/17/2024,4.06,101.5
1/18/2024,5.75,218.2
1/19/2024,6.94,7.7
1/20/2024,5.6,36.3
1/21/2024,6.05,80.3
1/22/2024,7.67,121.3
1/23/2024,6.46,138.4
1/24/2024,3.36,117.3
1/25/2024,3.19,352
1/26/2024,4.9,75
1/27/2024,6.8,318.3
1/28/2024,5.66,335.5
1/29/2024,3.17,285.9
1/30/2024,5.04,253.3
1/31/2024,4.02,254.7
2/1/2024,3.54,161.2
2/2/2024,6.23,139.6
2/3/2024,5.88,151.6
2/4/2024,6.51,281.6
2/5/2024,7.7,341.3
2/6/2024,2.96,7.6
2/7/2024,5.48,138.2
2/8/2024,5.34,157.3
2/9/2024,5.62,164.9
2/10/2024,6.02,169.8
2/11/2024,6.06,198.6
2/12/2024,8.17,314.8
2/13/2024,2.86,354.2
2/14/2024,3.78,138.7
2/15/2024,3.82,152.9
2/16/2024,5.08,192.7
2/17/2024,7.34,6.3
2/18/2024,3.77,350.8
2/19/2024,3.73,186.7
2/20/2024,4.71,204.9
2/21/2024,6.94,181.5
2/22/2024,7.15,209.5
2/23/2024,6.8,338.3
2/24/2024,4.33,276.9
2/25/2024,6.22,192.4
2/26/2024,7.39,198.1
2/27/2024,8.11,195.7
2/28/2024,7.4,0.2
2/29/2024,5.27,47.4
3/1/2024,3.16,41.6
3/2/2024,3,140.2
3/3/2024,5.27,137
3/4/2024,5.26,150.8
3/5/2024,3.02,159.4
3/6/2024,3.2,144.4
3/7/2024,5.68,131.7
3/8/2024,4.98,183
3/9/2024,6.87,342.9
3/10/2024,3.02,19.8
3/11/2024,3.45,127.2
3/12/2024,4.64,155
3/13/2024,6.13,159.2
3/14/2024,6.55,146.2
3/15/2024,4.74,121
3/16/2024,5.29,93.7
3/17/2024,3.54,44.5
3/18/2024,7.03,15.9
3/19/2024,3.84,99
3/20/2024,3.24,174
3/21/2024,6.95,98.1
3/22/2024,6.07,305.3
3/23/2024,4.15,16.1
3/24/2024,7.69,133.9
3/25/2024,7.33,158.8
3/26/2024,5.29,345
3/27/2024,4.96,12.6
3/28/2024,3.53,120.6
3/29/2024,6.34,159
3/30/2024,5.61,165.7
3/31/2024,6.41,168.7
4/1/2024,7.29,162.1
4/2/2024,5.99,307.5
4/3/2024,6.3,313.8
4/4/2024,3.6,254.4
4/5/2024,4.96,214.4
4/6/2024,7,154.8
4/7/2024,5.28,170.9
4/8/2024,6.83,140.8
4/9/2024,7.24,143.9
4/10/2024,8.28,252
4/11/2024,7.49,320.2
4/12/2024,3.58,131.2
4/13/2024,5.5,159.2
4/14/2024,6.26,170.8
4/15/2024,6.5,155.9
4/16/2024,7.03,151.9
4/17/2024,5.25,143.4
4/18/2024,6.23,148.4
4/19/2024,4.11,154.2
4/20/2024,4.06,117.3
4/21/2024,7.13,16
4/22/2024,4.46,90.8
4/23/2024,4.6,158.4
4/24/2024,3.9,150
4/25/2024,6.13,149.9
4/26/2024,8.57,152
4/27/2024,10.52,141.6
4/28/2024,9.45,137.9
4/29/2024,5.14,155.5
4/30/2024,3.81,132.3
5/1/2024,5.77,130.8
5/2/2024,6.21,141.7
5/3/2024,6.3,118.2
5/4/2024,5.81,121
5/5/2024,6.1,134.3
5/6/2024,6.5,140.7
5/7/2024,5.91,169.3
5/8/2024,6.31,163.7
5/9/2024,3.82,149
5/10/2024,5.3,36.3
5/11/2024,5.61,80
5/12/2024,6.28,116.8
5/13/2024,3.34,175
5/14/2024,3.64,293.8
5/15/2024,2.22,127.2
5/16/2024,5.65,137.6
5/17/2024,3.18,31.5
5/18/2024,3.02,153.6
5/19/2024,3.56,149
5/20/2024,5.11,143.6
5/21/2024,6.68,150.2
5/22/2024,6.71,146.1
5/23/2024,6.67,152.2
5/24/2024,6.4,165.2
5/25/2024,5.94,165.5
5/26/2024,6.26,179.8
5/27/2024,2.84,174.1
5/28/2024,4.15,111.9
5/29/2024,4.07,106.4
5/30/2024,4.92,122.2
5/31/2024,3.48,131
6/1/2024,2.79,139.8
6/2/2024,4.59,141.2
6/3/2024,6.1,152.3
6/4/2024,7.46,158.9
6/5/2024,4.77,194.7
6/6/2024,2.89,21.1
6/7/2024,2.67,126.3
6/8/2024,3.76,172.4
6/9/2024,3.93,169.9
6/10/2024,1.59,147
6/11/2024,2.58,83.5
6/12/2024,3.05,74.9
6/13/2024,2.41,112.2
6/14/2024,2.98,110.3
6/15/2024,3.65,151
6/16/2024,4.85,132.9
6/17/2024,6.57,123.6
6/18/2024,7.9,89
6/19/2024,8.29,69.3
6/20/2024,7.11,90.2
6/21/2024,4.96,102
6/22/2024,3.64,123.8
6/23/2024,3.54,138.9
6/24/2024,3.81,154.4
6/25/2024,4.39,180.3
6/26/2024,4.4,213.3
6/27/2024,3.7,239.5
6/28/2024,4.98,201.4
6/29/2024,5.35,171.3
6/30/2024,3.2,177.5
7/1/2024,2.34,283.6
7/2/2024,3.31,185.1
7/3/2024,3.23,197.8
7/4/2024,4.58,202.4
7/5/2024,3.44,221.8
7/6/2024,2.4,134.8
7/7/2024,6.13,95.9
7/8/2024,12.39,157.2
7/9/2024,2.93,269.8
7/10/2024,3.07,88.7
7/11/2024,1.72,94.5
7/12/2024,1.64,170.9
7/13/2024,1.74,182.8
7/14/2024,2.71,215.1
7/15/2024,3.81,217
7/16/2024,3.98,197.8
7/17/2024,3.55,202.5
7/18/2024,2.53,248.1
7/19/2024,2.7,328.5
7/20/2024,2.57,178
7/21/2024,3.04,193.9
7/22/2024,2.73,210.5
7/23/2024,4.4,144.8
7/24/2024,4.24,194.9
7/25/2024,3.61,138
7/26/2024,3.55,128.5
7/27/2024,3.4,132.4
7/28/2024,4.07,167.7
7/29/2024,4.63,176.9
7/30/2024,5.16,194
7/31/2024,4.55,188.3
8/1/2024,3.29,191.5
8/2/2024,3.77,239.2
8/3/2024,2.96,271.6
8/4/2024,2.27,46.9
8/5/2024,3.01,349.3
8/6/2024,3.58,254.3
8/7/2024,3.89,255
8/8/2024,3.27,239.9
8/9/2024,3.87,16.1
8/10/2024,4.2,53.2
8/11/2024,3.59,115.7
8/12/2024,3.01,159.2
8/13/2024,2.69,188.6
8/14/2024,2.86,189.8
8/15/2024,3.31,196.1
8/16/2024,2.93,193
8/17/2024,2.78,182.2
8/18/2024,2.72,208.7
8/19/2024,3.04,257
8/20/2024,2.3,241.8
8/21/2024,3.24,116.4
8/22/2024,3.83,131.1
8/23/2024,4.5,153.7
8/24/2024,4.72,118.7
8/25/2024,4.8,106.5
8/26/2024,4.25,105
8/27/2024,3.47,106.7
8/28/2024,3.33,99
8/29/2024,4.03,99.5
8/30/2024,5.6,71.1
8/31/2024,4.54,100.1
9/1/2024,5.28,79.6
9/2/2024,5.54,84.4
9/3/2024,4.05,87.8
9/4/2024,5.17,62
9/5/2024,6.61,59.5
9/6/2024,7.27,25.6
9/7/2024,7.33,26.1
9/8/2024,6.9,31.9
9/9/2024,6.01,46
9/10/2024,6.01,66.5
9/11/2024,5.68,33.8
9/12/2024,3.85,328.2
9/13/2024,2.25,224.9
9/14/2024,4.24,223.5
9/15/2024,2.53,239.5
9/16/2024,1.62,18.5
9/17/2024,2.23,37.2
9/18/2024,2.16,161.4
9/19/2024,2.49,172.3
9/20/2024,2.98,171.6
9/21/2024,3.71,143.1
9/22/2024,4.2,142.8
9/23/2024,3.23,160.1
9/24/2024,2.34,172.7
9/25/2024,2.52,331.2
9/26/2024,6.53,14.3
9/27/2024,4.29,335.4
9/28/2024,4.21,332.9
9/29/2024,2.1,17.8
9/30/2024,2.48,150.9
10/1/2024,3.88,15.7
10/2/2024,4.22,55.5
10/3/2024,4.85,80.5
10/4/2024,5.16,82
10/5/2024,4.45,77.9
10/6/2024,5.39,40.9
10/7/2024,5.69,37.3
10/8/2024,6.19,23
10/9/2024,5.58,21
10/10/2024,3.89,39
10/11/2024,3.8,105.6
10/12/2024,2.98,190.2
10/13/2024,5.39,209
10/14/2024,4.11,242.2
10/15/2024,2.96,325
10/16/2024,7.66,52.4
10/17/2024,5.18,82.9
10/18/2024,5.9,94.4
10/19/2024,5.32,89.7
10/20/2024,4.71,80.4
10/21/2024,3.91,108.6
10/22/2024,3.43,141.5
10/23/2024,3.16,128.1
10/24/2024,3.6,148.9
10/25/2024,4.03,151.9
10/26/2024,3.38,139.1
10/27/2024,3.01,148
10/28/2024,5.88,146.5
10/29/2024,7.61,140.8
10/30/2024,7.42,137.5
10/31/2024,4.29,140.5
11/1/2024,4.36,65.9
11/2/2024,5.92,114.2
11/3/2024,8.32,147.8
11/4/2024,9.42,154.2
11/5/2024,4.87,185.8
11/6/2024,3.24,46.1
11/7/2024,4.7,77.8
11/8/2024,5.66,97.6
11/9/2024,3.57,54.5
11/10/2024,3.66,18
11/11/2024,4.98,11.6
11/12/2024,4.46,35
11/13/2024,3.9,339.6
11/14/2024,5.74,4.5
11/15/2024,4.28,72.5
11/16/2024,5.49,119.9
11/17/2024,8.03,137.1
11/18/2024,8.4,169.9
11/19/2024,4.34,304.6
11/20/2024,7.53,351.4
11/21/2024,4.22,337.8
11/22/2024,4.26,356.6
11/23/2024,4.37,114.4
11/24/2024,6.85,181.8
11/25/2024,6.75,226.6
11/26/2024,3.72,14.4
11/27/2024,6.75,213.2
11/28/2024,6.65,1.4
11/29/2024,6.61,30.1
11/30/2024,4.16,82
12/1/2024,4.3,63
12/2/2024,5.26,61.4
12/3/2024,5.67,73.4
12/4/2024,5.78,132.2
12/5/2024,6.31,18.8
12/6/2024,5.79,44.1
12/7/2024,4.62,69
12/8/2024,4.58,172.7
12/9/2024,5.26,206.3
12/10/2024,6.89,323.4
12/11/2024,4.58,330.3
12/12/2024,4.69,117.1
12/13/2024,7.34,107.8
12/14/2024,5.96,139
12/15/2024,5.74,147.7
12/16/2024,5.14,150.3
12/17/2024,4.94,151.8
12/18/2024,4.67,331.8
12/19/2024,3.41,10.2
12/20/2024,5.51,6.1
12/21/2024,5.14,53.6
12/22/2024,5.16,101.6
12/23/2024,6.55,114.7
12/24/2024,6.06,128
12/25/2024,5.68,111
12/26/2024,7.37,146.7
12/27/2024,4.24,151.3
12/28/2024,6.5,180.2
12/29/2024,2.38,129.2
12/30/2024,6.43,188
12/31/2024,5.78,356.8
1/1/2025,4.89,41.5
1/2/2025,4.41,82.6
1/3/2025,5.08,73.5
1/4/2025,6.79,118.8
1/5/2025,9.27,219.8
1/6/2025,7.86,344
1/7/2025,5.07,14.2
1/8/2025,5.27,17
1/9/2025,6.93,76.8
1/10/2025,7.01,325.7
1/11/2025,3.67,212.5
1/12/2025,4.48,64.7
1/13/2025,6.11,15.3
1/14/2025,4.62,62.8
1/15/2025,4.73,41.8
1/16/2025,3.49,13.7
1/17/2025,5.47,178.9
1/18/2025,7.06,301
1/19/2025,7.84,352.4
1/20/2025,6.08,44.1
1/21/2025,6.94,13.1
1/22/2025,3.07,138.8
1/23/2025,3.53,33.8
1/24/2025,4.17,71.7
1/25/2025,7.16,126
1/26/2025,5.66,158.5
1/27/2025,4.3,11.2
1/28/2025,3.51,79.1
1/29/2025,5.62,118.7
1/30/2025,6.96,176.1
1/31/2025,6.27,294
2/1/2025,3.64,178.1
2/2/2025,5.26,164.3
2/3/2025,5.79,174
2/4/2025,4.46,160.5
2/5/2025,5.28,159.3
2/6/2025,5.69,181.7
2/7/2025,5.39,168.9
2/8/2025,6.58,188.5
2/9/2025,4,168.3
2/10/2025,4.38,87.5
2/11/2025,4.91,147.8
2/12/2025,7.25,223.9
2/13/2025,6.9,15.5
2/14/2025,5.7,93.2
2/15/2025,9,192.9
2/16/2025,7.37,349.1
2/17/2025,5.1,91.6
2/18/2025,6.6,92.4
2/19/2025,8.73,359.8
2/20/2025,6.44,19.5
2/21/2025,5.05,44.5
2/22/2025,4.3,39.9
2/23/2025,3.97,13.8
2/24/2025,2.66,339
2/25/2025,3.23,177.8
2/26/2025,5.56,160.8
2/27/2025,4,20.2
2/28/2025,4.2,108.6
3/1/2025,2.34,247.4
3/2/2025,6.98,110.8
3/3/2025,7.93,137.8
3/4/2025,11.04,222.4
3/5/2025,8.44,318.3
3/6/2025,5.04,114
3/7/2025,6.11,166.4
3/8/2025,5.65,119.8
3/9/2025,7.59,325.1
3/10/2025,4.45,276.8
3/11/2025,5.52,199.7
3/12/2025,6.91,184.7
3/13/2025,5.67,200.2
3/14/2025,7.67,171.6
3/15/2025,6.93,277.9
3/16/2025,5.09,322.6
3/17/2025,5.01,169.2
3/18/2025,8.91,177.1
3/19/2025,8.04,276.1
3/20/2025,7.26,341.9
3/21/2025,5.35,146.4
3/22/2025,5.87,155.7
3/23/2025,7.15,186.5
3/24/2025,3.72,177.4
3/25/2025,3.13,176.5
3/26/2025,3.47,154
3/27/2025,5.54,118.4
3/28/2025,6.7,151.8
3/29/2025,5.73,158.9
3/30/2025,5.38,161.1
3/31/2025,2.9,301.3
4/1/2025,6.79,147.4
4/2/2025,10.24,163.2
4/3/2025,9.76,154.9
4/4/2025,9.39,152.1
4/5/2025,9.11,173.9
4/6/2025,7.38,329.1
4/7/2025,6.3,338.9
4/8/2025,2.57,340
4/9/2025,5.13,191.9
4/10/2025,4.92,198.5
4/11/2025,5.17,341
4/12/2025,4.93,132.4
4/13/2025,7.14,184.1
4/14/2025,6.71,191.4
4/15/2025,3.87,39.8
4/16/2025,5.15,144.1
4/17/2025,7.37,170
4/18/2025,8.06,168.3
4/19/2025,7.83,144.9
4/20/2025,8.1,159.7
4/21/2025,5,156.9
4/22/2025,4.86,153.3
4/23/2025,5.19,142.6
4/24/2025,5.32,147.3
4/25/2025,4.73,162.1
4/26/2025,4.52,153.4
4/27/2025,5.85,157.2
4/28/2025,6.79,162.5
4/29/2025,6.76,154.6
4/30/2025,7.68,157.3
5/1/2025,6.18,166.8
5/2/2025,5.11,163.6
5/3/2025,5.55,346
5/4/2025,3.66,45.6
5/5/2025,6.39,97.4
5/6/2025,7.16,137.5
5/7/2025,3.28,129.4
5/8/2025,2.95,85
5/9/2025,5.22,9.1
5/10/2025,5.27,356.5
5/11/2025,4.31,328.8
5/12/2025,3.95,272
5/13/2025,6.85,190.4
5/14/2025,8.25,191.4
5/15/2025,7.28,177.3
5/16/2025,6.51,174
5/17/2025,5.61,166.1
5/18/2025,6.97,160.7
5/19/2025,8.18,159.8
5/20/2025,5.35,196.2
5/21/2025,4.65,72.6
5/22/2025,3.58,126.1
5/23/2025,4.39,159.3
5/24/2025,5.3,175.1
5/25/2025,6.66,163.5
5/26/2025,6.39,163.6
5/27/2025,3.24,180.1
5/28/2025,3.32,70.4
5/29/2025,3,123.5
5/30/2025,2.9,342.8
5/31/2025,3.43,40.2
6/1/2025,2.99,196
6/2/2025,4.42,146.3
6/3/2025,6.27,142.1
6/4/2025,4.29,153.6
6/5/2025,3.61,158.9
6/6/2025,4.93,181.9
6/7/2025,5.61,191.2
6/8/2025,5.96,202.3
6/9/2025,4.69,206.6
6/10/2025,3.4,184.2
6/11/2025,3.96,133.6
6/12/2025,6.06,164.1
6/13/2025,5.28,167.1
6/14/2025,4.78,170.9
6/15/2025,4.43,183.9
6/16/2025,4.83,197.4
6/17/2025,5.69,185.9
6/18/2025,6.25,174.1
6/19/2025,4.69,170.8
6/20/2025,4.83,174.8
6/21/2025,5.53,165.6
6/22/2025,5.64,144.4
6/23/2025,4.31,147.4
6/24/2025,3.8,110.9
6/25/2025,3.83,132
6/26/2025,3.44,141.3
6/27/2025,3.5,162.4
6/28/2025,3.87,159.3
6/29/2025,5.02,176.6
6/30/2025,4.29,185
7/1/2025,3.5,238
7/2/2025,3.52,226.2
7/3/2025,2.82,221
7/4/2025,3.57,173.3
7/5/2025,4.51,169.7
7/6/2025,3.27,180.4
7/7/2025,4.09,188.2
7/8/2025,3.7,194.2
7/9/2025,4.29,213.3
7/10/2025,5.02,211.3
7/11/2025,5.75,185.1
7/12/2025,5.76,169.3
7/13/2025,5.15,181.4
7/14/2025,4.27,188
7/15/2025,4.19,192.3
7/16/2025,4.31,201.3
7/17/2025,3.05,234.2
7/18/2025,3.38,207
7/19/2025,5,187.6
7/20/2025,5.1,186.5
7/21/2025,4.62,188.9
7/22/2025,4.55,191.4
7/23/2025,3.52,205.9
7/24/2025,3.04,204.7
7/25/2025,2.99,111.9
7/26/2025,4.62,183.6
7/27/2025,4.69,151.1
7/28/2025,3.46,190.1
7/29/2025,3.37,241.1
7/30/2025,3.5,231.7
7/31/2025,3.36,220
8/1/2025,2.8,234.6
8/2/2025,2.37,319.9
8/3/2025,2.17,60.5
8/4/2025,1.87,82.3
8/5/2025,3.84,129.3
8/6/2025,2.66,181.8
8/7/2025,2.61,196.2
8/8/2025,2.75,169.5
8/9/2025,3.72,136.8
8/10/2025,3.79,114.2
8/11/2025,3.7,91
8/12/2025,2.85,111.9
8/13/2025,3.6,217.2
8/14/2025,3.92,195.3
8/15/2025,4.49,162.6
8/16/2025,3.1,167.1
8/17/2025,2.54,192
8/18/2025,2.46,316.2
8/19/2025,2.92,88.1
8/20/2025,1.53,320.9
8/21/2025,1.85,42.5
8/22/2025,2.19,57.5
8/23/2025,2.96,73.1
8/24/2025,2.5,53.8
8/25/2025,2.97,112.2
8/26/2025,3.64,117.4
8/27/2025,4.31,107.2
8/28/2025,4.66,186.8
8/29/2025,3.85,199.8
8/30/2025,2.66,81.8
8/31/2025,2.89,49.9
9/1/2025,2.96,69.4
9/2/2025,3.38,87.7
9/3/2025,3.23,223.3
9/4/2025,4.08,215.6
9/5/2025,5.02,182.7
9/6/2025,2.08,117.8
9/7/2025,4.57,39.4
9/8/2025,4.98,48.8
9/9/2025,3.21,62.7
9/10/2025,3.47,109.7
9/11/2025,4.13,131
9/12/2025,3.31,138.7
9/13/2025,2.8,181.6
9/14/2025,3.4,178.3
9/15/2025,3.25,156.6
9/16/2025,3.45,140.2
9/17/2025,2.93,202.2
9/18/2025,3,135
9/19/2025,3.54,120.5
9/20/2025,3.48,133.1
9/21/2025,4.3,150.6
9/22/2025,5.63,154.1
9/23/2025,5.48,174.6
9/24/2025,4.53,217.9
9/25/2025,2.53,331.6
9/26/2025,3.03,40.1
9/27/2025,2.47,50.5
9/28/2025,3.8,51.6
9/29/2025,3.04,44.9
9/30/2025,3.45,43.7
10/1/2025,2.91,52.1
10/2/2025,3.43,80.9
10/3/2025,4.82,76.5
10/4/2025,5.7,79.6
10/5/2025,5.01,77.5
10/6/2025,2.74,121.2
10/7/2025,2.08,129.5
10/8/2025,4,40.5
10/9/2025,5.33,45.2
10/10/2025,5.26,36.8
10/11/2025,3.93,70
10/12/2025,2.73,159.4
10/13/2025,3.66,140.2
10/14/2025,2.75,38.6
10/15/2025,4.17,86.8
10/16/2025,4.65,118.6
10/17/2025,4.98,136.7
10/18/2025,6.33,174.4
10/19/2025,5.56,21.3
10/20/2025,5.41,144.1
10/21/2025,4.35,210.6
10/22/2025,4.49,76.8
10/23/2025,4.45,105.6
10/24/2025,5.87,115.6
10/25/2025,5.25,146.7
10/26/2025,2.58,352.8
10/27/2025,2.99,144.2
10/28/2025,6.28,200.6
10/29/2025,9.38,321.8
10/30/2025,4.57,338.5
10/31/2025,3.43,95.4
11/1/2025,4.99,67.6
11/2/2025,5.11,32.5
11/3/2025,3.75,93.8
11/4/2025,3.89,130.4
11/5/2025,3.46,161.2
11/6/2025,3.56,143.2
11/7/2025,5.26,200.9
11/8/2025,4.76,210.1
11/9/2025,7.89,351.1
11/10/2025,5.45,359.3
11/11/2025,5.61,166.4
11/12/2025,5.78,180.3
11/13/2025,4.91,154.8
11/14/2025,5.52,159.8
11/15/2025,5.1,187
11/16/2025,4.58,192.5
11/17/2025,5.7,162.2
11/18/2025,5.03,167.9
11/19/2025,4.71,160.7
11/20/2025,5.46,145.6
11/21/2025,4.78,185.2
11/22/2025,4.06,316.8
11/23/2025,4.25,75.5
11/24/2025,6.44,153.3
11/25/2025,4.65,313.8
11/26/2025,5.98,25
11/27/2025,5.13,45
11/28/2025,6.63,98.6
11/29/2025,6.98,141.8
11/30/2025,7.13,17
12/1/2025,4.67,12.7
12/2/2025,5.63,13.5
12/3/2025,4.93,87.8
12/4/2025,5.65,15
12/5/2025,2.99,22.9
12/6/2025,2.88,131.9
12/7/2025,4.39,10.7
12/8/2025,5.99,11.3
12/9/2025,3.67,129.9
12/10/2025,5.06,289.4
12/11/2025,4.55,92.9
12/12/2025,4.51,192.1
12/13/2025,4.58,158.7
12/14/2025,7.22,19.7
12/15/2025,3.59,62.3
12/16/2025,4,104.4
12/17/2025,4.71,100.7
12/18/2025,6.45,248.5
12/19/2025,4.62,73.5
12/20/2025,6.68,184.8
12/21/2025,4.18,181.2
12/22/2025,4.53,147.8